Ngay,KLGDRong,GTDGRong,ThayDoi,KLMua,GtMua,KLBan,GtBan,RoomConLai,DangSoHuu
22/10/2018,0,0,0(0.00 %),0,0,0,0,7800000,0.0
23/10/2018,0,0,0(0.00 %),0,0,0,0,7800000,-51.0
24/10/2018,0,0,0(0.00 %),0,0,0,0,7800000,-51.0
25/10/2018,0,0,0(0.00 %),0,0,0,0,7800000,-51.0
26/10/2018,0,0,29.8(0.00 %),0,0,0,0,7800000,-51.0
29/10/2018,0,0,29.8(0.00 %),0,0,0,0,7800000,-51.0
30/10/2018,0,0,29.8(0.00 %),0,0,0,0,7800000,-51.0
31/10/2018,0,0,29.8(0.00 %),0,0,0,0,7800000,-51.0
01/11/2018,0,0,29.8(0.00 %),0,0,0,0,7800000,-51.0
02/11/2018,0,0,29.8(0.00 %),0,0,0,0,7800000,-51.0
05/11/2018,0,0,29.8(0.00 %),0,0,0,0,7800000,-51.0
06/11/2018,0,0,29.8(0.00 %),0,0,0,0,7800000,-51.0
07/11/2018,0,0,29.8(0.00 %),0,0,0,0,7800000,-51.0
08/11/2018,0,0,29.8(0.00 %),0,0,0,0,7800000,-51.0
09/11/2018,0,0,29.8(0.00 %),0,0,0,0,7800000,-51.0
12/11/2018,0,0,29.8(0.00 %),0,0,0,0,7800000,-51.0
13/11/2018,0,0,29.8(0.00 %),0,0,0,0,7800000,-51.0
14/11/2018,0,0,29.8(0.00 %),0,0,0,0,7800000,-51.0
15/11/2018,0,0,29.8(0.00 %),0,0,0,0,7800000,-51.0
16/11/2018,0,0,29.8(0.00 %),0,0,0,0,7800000,-51.0
19/11/2018,0,0,29.8(0.00 %),0,0,0,0,7800000,-51.0
20/11/2018,0,0,29.8(0.00 %),0,0,0,0,7800000,-51.0
21/11/2018,0,0,29.8(0.00 %),0,0,0,0,7800000,-51.0
22/11/2018,0,0,29.8(0.00 %),0,0,0,0,7800000,-51.0
23/11/2018,0,0,29.8(0.00 %),0,0,0,0,7800000,-51.0
26/11/2018,0,0,29.8(0.00 %),0,0,0,0,7800000,-51.0
27/11/2018,0,0,29.8(0.00 %),0,0,0,0,7800000,-51.0
28/11/2018,0,0,29.8(0.00 %),0,0,0,0,7800000,-51.0
29/11/2018,0,0,29.8(0.00 %),0,0,0,0,7800000,0.0
30/11/2018,0,0,29.8(0.00 %),0,0,0,0,7800000,0.0
03/12/2018,0,0,29.8(0.00 %),0,0,0,0,7800000,-51.0
04/12/2018,0,0,29.8(0.00 %),0,0,0,0,7800000,-51.0
05/12/2018,0,0,29.8(0.00 %),0,0,0,0,7800000,-51.0
06/12/2018,0,0,27.8(0.00 %),0,0,0,0,7800000,-51.0
07/12/2018,0,0,27.8(0.00 %),0,0,0,0,7800000,-51.0
10/12/2018,0,0,27.8(0.00 %),0,0,0,0,7800000,-51.0
11/12/2018,0,0,27.8(0.00 %),0,0,0,0,7800000,-51.0
12/12/2018,0,0,27.8(0.00 %),0,0,0,0,7800000,-51.0
13/12/2018,0,0,27.8(0.00 %),0,0,0,0,7800000,-51.0
14/12/2018,0,0,27.8(0.00 %),0,0,0,0,7800000,-51.0
17/12/2018,0,0,27.8(0.00 %),0,0,0,0,7800000,-51.0
18/12/2018,0,0,27.8(0.00 %),0,0,0,0,7800000,-51.0
19/12/2018,0,0,27.8(0.00 %),0,0,0,0,7800000,-51.0
20/12/2018,0,0,27.8(0.00 %),0,0,0,0,7800000,-51.0
21/12/2018,0,0,27.8(0.00 %),0,0,0,0,7800000,-51.0
24/12/2018,0,0,27.8(0.00 %),0,0,0,0,7800000,-51.0
25/12/2018,0,0,27.8(0.00 %),0,0,0,0,7800000,-51.0
26/12/2018,0,0,27.8(0.00 %),0,0,0,0,7800000,-51.0
27/12/2018,0,0,27.8(0.00 %),0,0,0,0,7800000,-51.0
28/12/2018,0,0,27.8(0.00 %),0,0,0,0,7800000,-51.0
02/01/2019,0,0,27.8(0.00 %),0,0,0,0,7800000,-51.0
03/01/2019,0,0,27.8(0.00 %),0,0,0,0,7800000,0.0
04/01/2019,0,0,27.8(0.00 %),0,0,0,0,7800000,0.0
07/01/2019,0,0,27.8(0.00 %),0,0,0,0,7800000,0.0
08/01/2019,0,0,27.8(0.00 %),0,0,0,0,7800000,0.0
10/01/2019,0,0,27.8(0.00 %),0,0,0,0,7800000,0.0
11/01/2019,0,0,27.8(0.00 %),0,0,0,0,7800000,0.0
14/01/2019,0,0,27.8(0.00 %),0,0,0,0,7800000,0.0
15/01/2019,0,0,27.8(0.00 %),0,0,0,0,7800000,0.0
16/01/2019,0,0,27.8(0.00 %),0,0,0,0,7800000,0.0
17/01/2019,0,0,27.8(0.00 %),0,0,0,0,7800000,0.0
18/01/2019,0,0,27.8(0.00 %),0,0,0,0,7800000,0.0
21/01/2019,0,0,27.8(0.00 %),0,0,0,0,7800000,0.0
22/01/2019,0,0,27.8(0.00 %),0,0,0,0,7800000,0.0
24/01/2019,0,0,27.8(0.00 %),0,0,0,0,7800000,0.0
25/01/2019,0,0,27.8(0.00 %),0,0,0,0,7800000,0.0
28/01/2019,0,0,27.8(0.00 %),0,0,0,0,7800000,0.0
29/01/2019,0,0,27.8(0.00 %),0,0,0,0,7800000,0.0
30/01/2019,0,0,27.8(0.00 %),0,0,0,0,7800000,0.0
31/01/2019,0,0,27.8(0.00 %),0,0,0,0,7800000,0.0
01/02/2019,0,0,27.8(0.00 %),0,0,0,0,7800000,0.0
11/02/2019,0,0,27.8(0.00 %),0,0,0,0,7800000,0.0
12/02/2019,0,0,27.8(0.00 %),0,0,0,0,7800000,0.0
13/02/2019,0,0,27.8(0.00 %),0,0,0,0,7800000,0.0
14/02/2019,0,0,27.8(0.00 %),0,0,0,0,7800000,0.0
15/02/2019,0,0,27.8(0.00 %),0,0,0,0,7800000,0.0
18/02/2019,0,0,27.8(0.00 %),0,0,0,0,7800000,0.0
19/02/2019,0,0,27.8(0.00 %),0,0,0,0,7800000,0.0
20/02/2019,0,0,27.8(0.00 %),0,0,0,0,7800000,0.0
21/02/2019,0,0,27.8(0.00 %),0,0,0,0,7800000,0.0
22/02/2019,0,0,27.8(0.00 %),0,0,0,0,7800000,0.0
25/02/2019,0,0,27.8(0.00 %),0,0,0,0,7800000,0.0
26/02/2019,0,0,27.8(0.00 %),0,0,0,0,7800000,0.0
27/02/2019,0,0,27.8(0.00 %),0,0,0,0,7800000,0.0
28/02/2019,0,0,27.8(0.00 %),0,0,0,0,7800000,0.0
01/03/2019,0,0,27.8(0.00 %),0,0,0,0,7800000,0.0
04/03/2019,0,0,27.8(0.00 %),0,0,0,0,7800000,0.0
05/03/2019,0,0,27.8(0.00 %),0,0,0,0,7800000,0.0
06/03/2019,0,0,27.8(0.00 %),0,0,0,0,7800000,0.0
07/03/2019,0,0,27.8(0.00 %),0,0,0,0,7800000,0.0
08/03/2019,0,0,27.8(0.00 %),0,0,0,0,7800000,0.0
11/03/2019,0,0,27.8(0.00 %),0,0,0,0,7800000,0.0
12/03/2019,0,0,27.8(0.00 %),0,0,0,0,7800000,0.0
13/03/2019,0,0,27.8(0.00 %),0,0,0,0,7800000,0.0
14/03/2019,0,0,27.8(0.00 %),0,0,0,0,7800000,0.0
15/03/2019,0,0,27.8(0.00 %),0,0,0,0,7800000,0.0
18/03/2019,0,0,27.8(0.00 %),0,0,0,0,7800000,0.0
19/03/2019,0,0,18.1(-34.89 %),0,0,0,0,7800000,0.0
20/03/2019,0,0,18.1(0.00 %),0,0,0,0,7800000,0.0
21/03/2019,0,0,18.1(0.00 %),0,0,0,0,7800000,0.0
22/03/2019,0,0,16.6(0.00 %),0,0,0,0,7800000,0.0
25/03/2019,0,0,16.6(0.00 %),0,0,0,0,7800000,0.0
26/03/2019,0,0,16.6(0.00 %),0,0,0,0,7800000,0.0
27/03/2019,0,0,16.6(0.00 %),0,0,0,0,7800000,0.0
28/03/2019,0,0,16.6(0.00 %),0,0,0,0,7800000,0.0
29/03/2019,0,0,16.6(0.00 %),0,0,0,0,7800000,0.0
01/04/2019,0,0,16.6(0.00 %),0,0,0,0,7800000,0.0
02/04/2019,0,0,16.6(0.00 %),0,0,0,0,7800000,0.0
03/04/2019,0,0,16.6(0.00 %),0,0,0,0,7800000,0.0
04/04/2019,0,0,16.6(0.00 %),0,0,0,0,7800000,0.0
05/04/2019,0,0,16.6(0.00 %),0,0,0,0,7800000,0.0
08/04/2019,0,0,16.6(0.00 %),0,0,0,0,7800000,0.0
09/04/2019,0,0,16.6(0.00 %),0,0,0,0,7800000,0.0
10/04/2019,0,0,16.6(0.00 %),0,0,0,0,7800000,0.0
11/04/2019,0,0,16.6(0.00 %),0,0,0,0,7800000,0.0
12/04/2019,0,0,16.6(0.00 %),0,0,0,0,7800000,0.0
16/04/2019,0,0,16.6(0.00 %),0,0,0,0,7800000,0.0
17/04/2019,0,0,16.6(0.00 %),0,0,0,0,7800000,0.0
18/04/2019,0,0,16.6(0.00 %),0,0,0,0,7800000,0.0
19/04/2019,0,0,16.6(0.00 %),0,0,0,0,7800000,0.0
22/04/2019,0,0,16.6(0.00 %),0,0,0,0,7800000,0.0
23/04/2019,0,0,16.6(0.00 %),0,0,0,0,7800000,0.0
24/04/2019,0,0,16.6(0.00 %),0,0,0,0,7800000,0.0
25/04/2019,0,0,16.6(0.00 %),0,0,0,0,7800000,0.0
26/04/2019,0,0,16.6(0.00 %),0,0,0,0,7800000,0.0
02/05/2019,0,0,16.6(0.00 %),0,0,0,0,7800000,0.0
03/05/2019,0,0,16.6(0.00 %),0,0,0,0,7800000,0.0
06/05/2019,0,0,16.6(0.00 %),0,0,0,0,7800000,0.0
07/05/2019,0,0,16.6(0.00 %),0,0,0,0,7800000,0.0
08/05/2019,0,0,16.6(0.00 %),0,0,0,0,7800000,0.0
09/05/2019,0,0,16.6(0.00 %),0,0,0,0,7800000,0.0
10/05/2019,0,0,16.6(0.00 %),0,0,0,0,7800000,0.0
13/05/2019,0,0,16.6(0.00 %),0,0,0,0,7800000,0.0
14/05/2019,0,0,16.6(0.00 %),0,0,0,0,7800000,0.0
15/05/2019,0,0,16.6(0.00 %),0,0,0,0,7800000,0.0
16/05/2019,0,0,16.6(0.00 %),0,0,0,0,7800000,0.0
17/05/2019,0,0,16.6(0.00 %),0,0,0,0,7800000,0.0
20/05/2019,0,0,16.6(0.00 %),0,0,0,0,7800000,0.0
21/05/2019,0,0,16.6(0.00 %),0,0,0,0,7800000,0.0
22/05/2019,0,0,16.6(0.00 %),0,0,0,0,7800000,0.0
23/05/2019,0,0,16.6(0.00 %),0,0,0,0,7800000,0.0
24/05/2019,0,0,16.6(0.00 %),0,0,0,0,7800000,0.0
27/05/2019,0,0,16.6(0.00 %),0,0,0,0,7800000,0.0
28/05/2019,0,0,16.6(0.00 %),0,0,0,0,7800000,0.0
29/05/2019,0,0,10.4(0.00 %),0,0,0,0,7800000,0.0
30/05/2019,0,0,10.4(0.00 %),0,0,0,0,7800000,0.0
31/05/2019,0,0,10.4(0.00 %),0,0,0,0,7800000,0.0
03/06/2019,0,0,10.4(0.00 %),0,0,0,0,7800000,0.0
04/06/2019,0,0,10.4(0.00 %),0,0,0,0,7800000,0.0
05/06/2019,0,0,10.4(0.00 %),0,0,0,0,7800000,0.0
06/06/2019,0,0,10.4(0.00 %),0,0,0,0,7800000,0.0
07/06/2019,0,0,10.4(0.00 %),0,0,0,0,7800000,0.0
10/06/2019,0,0,10.4(0.00 %),0,0,0,0,7800000,0.0
11/06/2019,0,0,10.4(0.00 %),0,0,0,0,7800000,0.0
12/06/2019,0,0,10.4(0.00 %),0,0,0,0,7800000,0.0
13/06/2019,0,0,10.4(0.00 %),0,0,0,0,7800000,0.0
14/06/2019,0,0,10.4(0.00 %),0,0,0,0,7800000,0.0
17/06/2019,0,0,10.4(0.00 %),0,0,0,0,7800000,0.0
18/06/2019,0,0,10.4(0.00 %),0,0,0,0,7800000,0.0
19/06/2019,0,0,10.4(0.00 %),0,0,0,0,7800000,0.0
20/06/2019,0,0,10.4(0.00 %),0,0,0,0,7800000,0.0
21/06/2019,0,0,10.4(0.00 %),0,0,0,0,7800000,0.0
24/06/2019,0,0,10.4(0.00 %),0,0,0,0,7800000,0.0
25/06/2019,0,0,10.4(0.00 %),0,0,0,0,7800000,0.0
26/06/2019,0,0,10.4(0.00 %),0,0,0,0,7800000,0.0
27/06/2019,0,0,10.4(0.00 %),0,0,0,0,7800000,0.0
28/06/2019,0,0,10.4(0.00 %),0,0,0,0,7800000,40.0
01/07/2019,0,0,10.4(0.00 %),0,0,0,0,10920000,0.0
02/07/2019,0,0,10.4(0.00 %),0,0,0,0,10920000,0.0
03/07/2019,0,0,10.4(0.00 %),0,0,0,0,10920000,0.0
04/07/2019,0,0,10.4(0.00 %),0,0,0,0,10920000,0.0
05/07/2019,0,0,10.4(0.00 %),0,0,0,0,10920000,0.0
08/07/2019,0,0,10.4(0.00 %),0,0,0,0,10920000,0.0
09/07/2019,0,0,10.4(0.00 %),0,0,0,0,10920000,0.0
10/07/2019,0,0,10.4(0.00 %),0,0,0,0,10920000,0.0
11/07/2019,0,0,10.4(0.00 %),0,0,0,0,10920000,0.0
12/07/2019,0,0,10.4(0.00 %),0,0,0,0,10920000,0.0
15/07/2019,0,0,10.4(0.00 %),0,0,0,0,10920000,0.0
16/07/2019,0,0,10.4(0.00 %),0,0,0,0,10920000,0.0
17/07/2019,0,0,10.4(0.00 %),0,0,0,0,10920000,0.0
18/07/2019,0,0,10.4(0.00 %),0,0,0,0,10920000,0.0
19/07/2019,0,0,10.4(0.00 %),0,0,0,0,10920000,0.0
22/07/2019,0,0,10.4(0.00 %),0,0,0,0,10920000,0.0
23/07/2019,0,0,10.4(0.00 %),0,0,0,0,10920000,0.0
24/07/2019,0,0,10.4(0.00 %),0,0,0,0,10920000,0.0
25/07/2019,0,0,10.4(0.00 %),0,0,0,0,10920000,0.0
26/07/2019,0,0,10.4(0.00 %),0,0,0,0,10920000,0.0
29/07/2019,0,0,10.4(0.00 %),0,0,0,0,10920000,0.0
30/07/2019,0,0,10.4(0.00 %),0,0,0,0,10920000,0.0
31/07/2019,0,0,10.4(0.00 %),0,0,0,0,10920000,0.0
01/08/2019,0,0,10.4(0.00 %),0,0,0,0,10920000,0.0
02/08/2019,0,0,10.4(0.00 %),0,0,0,0,10920000,0.0
05/08/2019,0,0,10.4(0.00 %),0,0,0,0,10920000,0.0
06/08/2019,0,0,10.4(0.00 %),0,0,0,0,10920000,0.0
07/08/2019,0,0,10.4(0.00 %),0,0,0,0,10920000,0.0
08/08/2019,0,0,10.4(0.00 %),0,0,0,0,10920000,0.0
09/08/2019,0,0,10.4(0.00 %),0,0,0,0,10920000,0.0
12/08/2019,0,0,10.4(0.00 %),0,0,0,0,10920000,0.0
13/08/2019,0,0,10.4(0.00 %),0,0,0,0,10920000,0.0
14/08/2019,0,0,10.4(0.00 %),0,0,0,0,10920000,0.0
15/08/2019,0,0,10.4(0.00 %),0,0,0,0,10920000,0.0
16/08/2019,0,0,10.4(0.00 %),0,0,0,0,10920000,0.0
19/08/2019,0,0,10.4(0.00 %),0,0,0,0,10920000,0.0
20/08/2019,0,0,10.4(0.00 %),0,0,0,0,10920000,0.0
21/08/2019,0,0,10.4(0.00 %),0,0,0,0,10920000,0.0
22/08/2019,0,0,10.4(0.00 %),0,0,0,0,10920000,0.0
23/08/2019,0,0,10.4(0.00 %),0,0,0,0,10920000,0.0
26/08/2019,0,0,10.4(0.00 %),0,0,0,0,10920000,0.0
27/08/2019,0,0,8.9(0.00 %),0,0,0,0,10920000,0.0
28/08/2019,0,0,8.9(0.00 %),0,0,0,0,10920000,0.0
29/08/2019,0,0,8.9(0.00 %),0,0,0,0,10920000,0.0
30/08/2019,0,0,8.9(0.00 %),0,0,0,0,10920000,0.0
03/09/2019,0,0,8.9(0.00 %),0,0,0,0,10920000,0.0
04/09/2019,0,0,8.9(0.00 %),0,0,0,0,10920000,0.0
05/09/2019,0,0,8.9(0.00 %),0,0,0,0,10920000,0.0
06/09/2019,0,0,8.9(0.00 %),0,0,0,0,10920000,0.0
09/09/2019,0,0,8.9(0.00 %),0,0,0,0,10920000,0.0
10/09/2019,0,0,8.9(0.00 %),0,0,0,0,10920000,0.0
11/09/2019,0,0,8.9(0.00 %),0,0,0,0,10920000,0.0
12/09/2019,0,0,8.9(0.00 %),0,0,0,0,10920000,0.0
13/09/2019,0,0,8.9(0.00 %),0,0,0,0,10920000,0.0
16/09/2019,0,0,8.9(0.00 %),0,0,0,0,10920000,0.0
17/09/2019,0,0,8.9(0.00 %),0,0,0,0,10920000,0.0
18/09/2019,0,0,8.9(0.00 %),0,0,0,0,10920000,0.0
19/09/2019,0,0,8.9(0.00 %),0,0,0,0,10920000,0.0
20/09/2019,0,0,8.9(0.00 %),0,0,0,0,10920000,0.0
23/09/2019,0,0,8.9(0.00 %),0,0,0,0,10920000,0.0
24/09/2019,0,0,8.9(0.00 %),0,0,0,0,10920000,0.0
25/09/2019,0,0,8.9(0.00 %),0,0,0,0,10920000,0.0
26/09/2019,0,0,8.9(0.00 %),0,0,0,0,10920000,0.0
27/09/2019,0,0,8.9(0.00 %),0,0,0,0,10920000,0.0
30/09/2019,0,0,8.9(0.00 %),0,0,0,0,10920000,0.0
01/10/2019,0,0,8.9(0.00 %),0,0,0,0,10920000,0.0
02/10/2019,0,0,8.9(0.00 %),0,0,0,0,10920000,0.0
03/10/2019,0,0,8.9(0.00 %),0,0,0,0,10920000,0.0
04/10/2019,0,0,8.9(0.00 %),0,0,0,0,10920000,0.0
07/10/2019,0,0,8.9(0.00 %),0,0,0,0,10920000,0.0
08/10/2019,0,0,8.9(0.00 %),0,0,0,0,10920000,0.0
09/10/2019,0,0,8.9(0.00 %),0,0,0,0,10920000,0.0
10/10/2019,0,0,8.9(0.00 %),0,0,0,0,10920000,0.0
11/10/2019,0,0,8.9(0.00 %),0,0,0,0,10920000,0.0
14/10/2019,0,0,8.9(0.00 %),0,0,0,0,10920000,0.0
15/10/2019,0,0,8.9(0.00 %),0,0,0,0,10920000,0.0
16/10/2019,0,0,8.9(0.00 %),0,0,0,0,10920000,0.0
17/10/2019,0,0,8.9(0.00 %),0,0,0,0,10920000,0.0
18/10/2019,0,0,8.9(0.00 %),0,0,0,0,10920000,0.0
21/10/2019,0,0,8.9(0.00 %),0,0,0,0,10920000,0.0
22/10/2019,0,0,8.9(0.00 %),0,0,0,0,10920000,0.0
23/10/2019,0,0,8.9(0.00 %),0,0,0,0,10920000,0.0
24/10/2019,0,0,8.9(0.00 %),0,0,0,0,10920000,0.0
25/10/2019,0,0,8.9(0.00 %),0,0,0,0,10920000,0.0
28/10/2019,0,0,8.9(0.00 %),0,0,0,0,10920000,0.0
29/10/2019,0,0,8.9(0.00 %),0,0,0,0,10920000,0.0
30/10/2019,0,0,8.9(0.00 %),0,0,0,0,10920000,0.0
31/10/2019,0,0,8.9(0.00 %),0,0,0,0,10920000,0.0
01/11/2019,0,0,8.9(0.00 %),0,0,0,0,10920000,0.0
04/11/2019,0,0,8.9(0.00 %),0,0,0,0,10920000,0.0
05/11/2019,0,0,8.9(0.00 %),0,0,0,0,10920000,0.0
06/11/2019,0,0,8.9(0.00 %),0,0,0,0,10920000,0.0
07/11/2019,0,0,8.9(0.00 %),0,0,0,0,10920000,0.0
08/11/2019,0,0,8.9(0.00 %),0,0,0,0,10920000,0.0
11/11/2019,0,0,8.9(0.00 %),0,0,0,0,10920000,0.0
12/11/2019,0,0,8.9(0.00 %),0,0,0,0,10920000,0.0
13/11/2019,0,0,8.9(0.00 %),0,0,0,0,10920000,0.0
14/11/2019,0,0,8.9(0.00 %),0,0,0,0,10920000,0.0
15/11/2019,0,0,8.9(0.00 %),0,0,0,0,10920000,0.0
18/11/2019,0,0,8.9(0.00 %),0,0,0,0,10920000,0.0
19/11/2019,0,0,8.9(0.00 %),0,0,0,0,10920000,0.0
20/11/2019,0,0,8.9(0.00 %),0,0,0,0,10920000,0.0
21/11/2019,0,0,8.9(0.00 %),0,0,0,0,10920000,0.0
22/11/2019,0,0,8.9(0.00 %),0,0,0,0,10920000,0.0
25/11/2019,0,0,8.9(0.00 %),0,0,0,0,10920000,0.0
26/11/2019,0,0,8.9(0.00 %),0,0,0,0,10920000,0.0
27/11/2019,0,0,8.9(0.00 %),0,0,0,0,10920000,0.0
28/11/2019,0,0,8.9(0.00 %),0,0,0,0,10920000,0.0
29/11/2019,0,0,8.9(0.00 %),0,0,0,0,10920000,0.0
02/12/2019,0,0,8.9(0.00 %),0,0,0,0,10920000,0.0
03/12/2019,0,0,8.9(0.00 %),0,0,0,0,10920000,0.0
04/12/2019,0,0,8.9(0.00 %),0,0,0,0,10920000,0.0
05/12/2019,0,0,8.9(0.00 %),0,0,0,0,10920000,0.0
06/12/2019,0,0,8.9(0.00 %),0,0,0,0,10920000,0.0
09/12/2019,0,0,8.9(0.00 %),0,0,0,0,10920000,0.0
10/12/2019,0,0,8.9(0.00 %),0,0,0,0,10920000,0.0
11/12/2019,0,0,8.9(0.00 %),0,0,0,0,10920000,0.0
12/12/2019,0,0,8.9(0.00 %),0,0,0,0,10920000,0.0
13/12/2019,0,0,8.9(0.00 %),0,0,0,0,10920000,0.0
16/12/2019,0,0,8.9(0.00 %),0,0,0,0,10920000,0.0
17/12/2019,0,0,8.9(0.00 %),0,0,0,0,10920000,0.0
18/12/2019,0,0,8.9(0.00 %),0,0,0,0,10920000,0.0
19/12/2019,0,0,8.9(0.00 %),0,0,0,0,10920000,0.0
20/12/2019,0,0,8.9(0.00 %),0,0,0,0,10920000,0.0
23/12/2019,0,0,8.9(0.00 %),0,0,0,0,10920000,0.0
24/12/2019,0,0,8.9(0.00 %),0,0,0,0,10920000,0.0
25/12/2019,0,0,6.9(0.00 %),0,0,0,0,10920000,0.0
26/12/2019,0,0,6.9(0.00 %),0,0,0,0,10920000,0.0
27/12/2019,0,0,6.9(0.00 %),0,0,0,0,10920000,0.0
30/12/2019,0,0,6.9(0.00 %),0,0,0,0,10920000,0.0
31/12/2019,0,0,6.9(0.00 %),0,0,0,0,10920000,0.0
02/01/2020,0,0,6.9(0.00 %),0,0,0,0,10920000,0.0
03/01/2020,0,0,6.9(0.00 %),0,0,0,0,10920000,0.0
06/01/2020,0,0,6.9(0.00 %),0,0,0,0,10920000,0.0
07/01/2020,0,0,6.9(0.00 %),0,0,0,0,10920000,0.0
08/01/2020,0,0,6.9(0.00 %),0,0,0,0,10920000,0.0
09/01/2020,0,0,6.9(0.00 %),0,0,0,0,10920000,0.0
10/01/2020,0,0,6.9(0.00 %),0,0,0,0,10920000,0.0
13/01/2020,0,0,6.9(0.00 %),0,0,0,0,10920000,0.0
14/01/2020,0,0,6.9(0.00 %),0,0,0,0,10920000,0.0
15/01/2020,0,0,6.9(0.00 %),0,0,0,0,10920000,0.0
16/01/2020,0,0,6.9(0.00 %),0,0,0,0,10920000,-51.0
17/01/2020,0,0,6.9(0.00 %),0,0,0,0,10920000,-51.0
20/01/2020,0,0,6.9(0.00 %),0,0,0,0,10920000,-51.0
21/01/2020,0,0,6.9(0.00 %),0,0,0,0,10920000,-51.0
22/01/2020,0,0,6.9(0.00 %),0,0,0,0,10920000,0.0
30/01/2020,0,0,6.9(0.00 %),0,0,0,0,10920000,0.0
31/01/2020,0,0,6.9(0.00 %),0,0,0,0,10920000,0.0
03/02/2020,0,0,6.9(0.00 %),0,0,0,0,10920000,0.0
04/02/2020,0,0,6.9(0.00 %),0,0,0,0,10920000,0.0
05/02/2020,0,0,6.9(0.00 %),0,0,0,0,10920000,0.0
06/02/2020,0,0,6.9(0.00 %),0,0,0,0,10920000,0.0
07/02/2020,0,0,6.9(0.00 %),0,0,0,0,10920000,0.0
10/02/2020,0,0,6.9(0.00 %),0,0,0,0,10920000,0.0
11/02/2020,0,0,6.9(0.00 %),0,0,0,0,10920000,0.0
12/02/2020,0,0,6.9(0.00 %),0,0,0,0,10920000,0.0
13/02/2020,0,0,6.9(0.00 %),0,0,0,0,10920000,0.0
14/02/2020,0,0,6.9(0.00 %),0,0,0,0,10920000,0.0
17/02/2020,0,0,6.9(0.00 %),0,0,0,0,10920000,0.0
18/02/2020,0,0,6.9(0.00 %),0,0,0,0,10920000,0.0
19/02/2020,0,0,6.9(0.00 %),0,0,0,0,10920000,0.0
20/02/2020,0,0,6.9(0.00 %),0,0,0,0,10920000,0.0
21/02/2020,0,0,6.9(0.00 %),0,0,0,0,10920000,0.0
24/02/2020,0,0,6.9(0.00 %),0,0,0,0,10920000,0.0
25/02/2020,0,0,6.9(0.00 %),0,0,0,0,10920000,0.0
26/02/2020,0,0,6.9(0.00 %),0,0,0,0,10920000,0.0
27/02/2020,0,0,6.9(0.00 %),0,0,0,0,10920000,0.0
28/02/2020,0,0,6.9(0.00 %),0,0,0,0,10920000,0.0
02/03/2020,0,0,6.9(0.00 %),0,0,0,0,10920000,0.0
03/03/2020,0,0,6.9(0.00 %),0,0,0,0,10920000,0.0
04/03/2020,0,0,6.9(0.00 %),0,0,0,0,10920000,0.0
05/03/2020,0,0,6.9(0.00 %),0,0,0,0,10920000,0.0
06/03/2020,0,0,6.9(0.00 %),0,0,0,0,10920000,0.0
09/03/2020,0,0,6.9(0.00 %),0,0,0,0,10920000,0.0
10/03/2020,0,0,6.9(0.00 %),0,0,0,0,10920000,0.0
11/03/2020,0,0,6.9(0.00 %),0,0,0,0,10920000,0.0
12/03/2020,0,0,6.9(0.00 %),0,0,0,0,10920000,0.0
13/03/2020,0,0,6.9(0.00 %),0,0,0,0,10920000,0.0
16/03/2020,0,0,6.9(0.00 %),0,0,0,0,10920000,0.0
17/03/2020,0,0,6.9(0.00 %),0,0,0,0,10920000,0.0
18/03/2020,0,0,6.9(0.00 %),0,0,0,0,10920000,0.0
19/03/2020,0,0,9.6(39.13 %),0,0,0,0,10920000,0.0
20/03/2020,0,0,9.6(0.00 %),0,0,0,0,10920000,0.0
23/03/2020,0,0,9.6(0.00 %),0,0,0,0,10920000,0.0
24/03/2020,0,0,9.8(2.08 %),0,0,0,0,10920000,0.0
25/03/2020,0,0,9.8(0.00 %),0,0,0,0,10920000,0.0
26/03/2020,0,0,9.8(0.00 %),0,0,0,0,10920000,0.0
27/03/2020,0,0,9.8(0.00 %),0,0,0,0,10920000,0.0
30/03/2020,0,0,9.8(0.00 %),0,0,0,0,10920000,0.0
31/03/2020,0,0,9.8(0.00 %),0,0,0,0,10920000,0.0
01/04/2020,0,0,9.8(0.00 %),0,0,0,0,10920000,0.0
03/04/2020,0,0,9.8(0.00 %),0,0,0,0,10920000,0.0
06/04/2020,0,0,9.8(0.00 %),0,0,0,0,10920000,0.0
07/04/2020,0,0,9.8(0.00 %),0,0,0,0,10920000,0.0
08/04/2020,0,0,9.8(0.00 %),0,0,0,0,10920000,0.0
09/04/2020,0,0,9.8(0.00 %),0,0,0,0,10920000,0.0
10/04/2020,0,0,9.8(0.00 %),0,0,0,0,10920000,0.0
13/04/2020,0,0,9.8(0.00 %),0,0,0,0,10920000,0.0
14/04/2020,0,0,9.8(0.00 %),0,0,0,0,10920000,0.0
15/04/2020,0,0,9.8(0.00 %),0,0,0,0,10920000,0.0
16/04/2020,0,0,9.8(0.00 %),0,0,0,0,10920000,0.0
17/04/2020,0,0,9.8(0.00 %),0,0,0,0,10920000,0.0
20/04/2020,0,0,9.8(0.00 %),0,0,0,0,10920000,0.0
21/04/2020,0,0,9.8(0.00 %),0,0,0,0,10920000,0.0
22/04/2020,0,0,9.8(0.00 %),0,0,0,0,10920000,0.0
23/04/2020,0,0,9.8(0.00 %),0,0,0,0,10920000,0.0
24/04/2020,0,0,9.8(0.00 %),0,0,0,0,10920000,0.0
27/04/2020,0,0,9.8(0.00 %),0,0,0,0,10920000,0.0
28/04/2020,0,0,9.8(0.00 %),0,0,0,0,10920000,0.0
29/04/2020,0,0,7.6(0.00 %),0,0,0,0,10920000,0.0
04/05/2020,0,0,7.6(0.00 %),0,0,0,0,10920000,0.0
05/05/2020,0,0,7.6(0.00 %),0,0,0,0,10920000,0.0
06/05/2020,0,0,7.6(0.00 %),0,0,0,0,10920000,-51.0
07/05/2020,0,0,7.6(0.00 %),0,0,0,0,10920000,0.0
08/05/2020,0,0,7.6(0.00 %),0,0,0,0,10920000,0.0
11/05/2020,0,0,7.6(0.00 %),0,0,0,0,10920000,0.0
12/05/2020,0,0,7.6(0.00 %),0,0,0,0,10920000,0.0
13/05/2020,0,0,7.6(0.00 %),0,0,0,0,10920000,0.0
14/05/2020,0,0,7.6(0.00 %),0,0,0,0,10920000,0.0
15/05/2020,0,0,7.6(0.00 %),0,0,0,0,10920000,0.0
18/05/2020,0,0,7.6(0.00 %),0,0,0,0,10920000,0.0
19/05/2020,0,0,7.6(0.00 %),0,0,0,0,10920000,0.0
20/05/2020,0,0,7.6(0.00 %),0,0,0,0,10920000,0.0
21/05/2020,0,0,7.6(0.00 %),0,0,0,0,10920000,0.0
22/05/2020,0,0,7.6(0.00 %),0,0,0,0,10920000,0.0
25/05/2020,0,0,7.6(0.00 %),0,0,0,0,10920000,0.0
26/05/2020,0,0,7.6(0.00 %),0,0,0,0,10920000,0.0
27/05/2020,0,0,7.6(0.00 %),0,0,0,0,10920000,0.0
28/05/2020,0,0,7.6(0.00 %),0,0,0,0,10920000,0.0
29/05/2020,0,0,7.6(0.00 %),0,0,0,0,10920000,0.0
01/06/2020,0,0,7.6(0.00 %),0,0,0,0,10920000,0.0
02/06/2020,0,0,7.6(0.00 %),0,0,0,0,10920000,0.0
03/06/2020,0,0,7.6(0.00 %),0,0,0,0,10920000,0.0
04/06/2020,0,0,7.6(0.00 %),0,0,0,0,10920000,0.0
05/06/2020,0,0,7.6(0.00 %),0,0,0,0,10920000,0.0
08/06/2020,0,0,7.6(0.00 %),0,0,0,0,10920000,0.0
09/06/2020,0,0,7.6(0.00 %),0,0,0,0,10920000,0.0
10/06/2020,0,0,7.6(0.00 %),0,0,0,0,10920000,0.0
11/06/2020,0,0,7.6(0.00 %),0,0,0,0,10920000,0.0
12/06/2020,0,0,7.6(0.00 %),0,0,0,0,10920000,0.0
15/06/2020,0,0,7.6(0.00 %),0,0,0,0,10920000,0.0
16/06/2020,0,0,7.6(0.00 %),0,0,0,0,10920000,0.0
17/06/2020,0,0,7.6(0.00 %),0,0,0,0,10920000,0.0
18/06/2020,0,0,7.6(0.00 %),0,0,0,0,10920000,0.0
19/06/2020,0,0,7.6(0.00 %),0,0,0,0,10920000,0.0
22/06/2020,0,0,7.6(0.00 %),0,0,0,0,10920000,0.0
23/06/2020,0,0,7.6(0.00 %),0,0,0,0,10920000,0.0
24/06/2020,0,0,7.6(0.00 %),0,0,0,0,10920000,0.0
26/06/2020,0,0,7.6(0.00 %),0,0,0,0,10920000,0.0
29/06/2020,0,0,7.6(0.00 %),0,0,0,0,10920000,0.0
30/06/2020,0,0,7.6(0.00 %),0,0,0,0,10920000,0.0
01/07/2020,0,0,7.6(0.00 %),0,0,0,0,10920000,0.0
02/07/2020,0,0,7.6(0.00 %),0,0,0,0,10920000,0.0
03/07/2020,0,0,7.6(0.00 %),0,0,0,0,10920000,0.0
06/07/2020,0,0,7.6(0.00 %),0,0,0,0,10920000,0.0
07/07/2020,0,0,7.6(0.00 %),0,0,0,0,10920000,0.0
08/07/2020,0,0,7.6(0.00 %),0,0,0,0,10920000,0.0
09/07/2020,0,0,7.6(0.00 %),0,0,0,0,10920000,0.0
10/07/2020,0,0,7.6(0.00 %),0,0,0,0,10920000,0.0
13/07/2020,0,0,7.6(0.00 %),0,0,0,0,10920000,0.0
14/07/2020,0,0,7.6(0.00 %),0,0,0,0,10920000,0.0
15/07/2020,0,0,7.6(0.00 %),0,0,0,0,10920000,0.0
16/07/2020,0,0,7.6(0.00 %),0,0,0,0,10920000,0.0
17/07/2020,0,0,7.6(0.00 %),0,0,0,0,10920000,0.0
20/07/2020,0,0,7.6(0.00 %),0,0,0,0,10920000,0.0
21/07/2020,0,0,7.6(0.00 %),0,0,0,0,10920000,0.0
22/07/2020,0,0,7.6(0.00 %),0,0,0,0,10920000,0.0
23/07/2020,0,0,7.6(0.00 %),0,0,0,0,10920000,0.0
24/07/2020,0,0,7.6(0.00 %),0,0,0,0,10920000,0.0
27/07/2020,0,0,7.6(0.00 %),0,0,0,0,10920000,0.0
28/07/2020,0,0,7.6(0.00 %),0,0,0,0,10920000,0.0
29/07/2020,0,0,7.6(0.00 %),0,0,0,0,10920000,0.0
30/07/2020,0,0,7.6(0.00 %),0,0,0,0,10920000,0.0
31/07/2020,0,0,7.6(0.00 %),0,0,0,0,10920000,0.0
03/08/2020,0,0,7.6(0.00 %),0,0,0,0,10920000,0.0
04/08/2020,0,0,7.6(0.00 %),0,0,0,0,10920000,0.0
05/08/2020,0,0,7.6(0.00 %),0,0,0,0,10920000,0.0
06/08/2020,0,0,7.6(0.00 %),0,0,0,0,10920000,0.0
07/08/2020,0,0,7.6(0.00 %),0,0,0,0,10920000,0.0
10/08/2020,0,0,7.6(0.00 %),0,0,0,0,10920000,0.0
11/08/2020,0,0,7.6(0.00 %),0,0,0,0,10920000,0.0
12/08/2020,0,0,7.6(0.00 %),0,0,0,0,10920000,0.0
13/08/2020,0,0,7.6(0.00 %),0,0,0,0,10920000,0.0
14/08/2020,0,0,7.6(0.00 %),0,0,0,0,10920000,0.0
17/08/2020,0,0,7.6(0.00 %),0,0,0,0,10920000,0.0
18/08/2020,0,0,7.6(0.00 %),0,0,0,0,10920000,0.0
19/08/2020,0,0,7.6(0.00 %),0,0,0,0,10920000,0.0
20/08/2020,0,0,7.6(0.00 %),0,0,0,0,10920000,0.0
21/08/2020,0,0,7.6(0.00 %),0,0,0,0,10920000,0.0
24/08/2020,0,0,7.6(0.00 %),0,0,0,0,10920000,0.0
25/08/2020,0,0,7.6(0.00 %),0,0,0,0,10920000,0.0
26/08/2020,0,0,7.6(0.00 %),0,0,0,0,10920000,0.0
27/08/2020,0,0,7.6(0.00 %),0,0,0,0,10920000,0.0
28/08/2020,0,0,7.6(0.00 %),0,0,0,0,10920000,0.0
31/08/2020,0,0,7.6(0.00 %),0,0,0,0,10920000,0.0
01/09/2020,0,0,7.6(0.00 %),0,0,0,0,10920000,0.0
03/09/2020,0,0,7.6(0.00 %),0,0,0,0,10920000,0.0
04/09/2020,0,0,7.6(0.00 %),0,0,0,0,10920000,0.0
07/09/2020,0,0,7.6(0.00 %),0,0,0,0,10920000,0.0
08/09/2020,0,0,7.6(0.00 %),0,0,0,0,10920000,0.0
10/09/2020,0,0,7.6(0.00 %),0,0,0,0,10920000,0.0
11/09/2020,0,0,7.6(0.00 %),0,0,0,0,10920000,0.0
14/09/2020,0,0,7.1(0.00 %),0,0,0,0,10920000,0.0
15/09/2020,0,0,7.1(0.00 %),0,0,0,0,10920000,0.0
16/09/2020,0,0,7.1(0.00 %),0,0,0,0,10920000,0.0
17/09/2020,0,0,7.1(0.00 %),0,0,0,0,10920000,0.0
18/09/2020,0,0,7.1(0.00 %),0,0,0,0,10920000,0.0
21/09/2020,0,0,7.1(0.00 %),0,0,0,0,10920000,0.0
22/09/2020,0,0,7.1(0.00 %),0,0,0,0,10920000,0.0
23/09/2020,0,0,7.1(0.00 %),0,0,0,0,10920000,0.0
24/09/2020,0,0,7.1(0.00 %),0,0,0,0,10920000,0.0
25/09/2020,0,0,7.1(0.00 %),0,0,0,0,10920000,0.0
28/09/2020,0,0,7.1(0.00 %),0,0,0,0,10920000,0.0
29/09/2020,0,0,7.1(0.00 %),0,0,0,0,10920000,0.0
30/09/2020,0,0,7.1(0.00 %),0,0,0,0,10920000,0.0
02/10/2020,0,0,7.1(0.00 %),0,0,0,0,10920000,0.0
05/10/2020,0,0,7.1(0.00 %),0,0,0,0,10920000,0.0
06/10/2020,0,0,7.1(0.00 %),0,0,0,0,10920000,0.0
07/10/2020,0,0,7.1(0.00 %),0,0,0,0,10920000,0.0
08/10/2020,0,0,7.1(0.00 %),0,0,0,0,10920000,0.0
09/10/2020,0,0,7.1(0.00 %),0,0,0,0,10920000,0.0
12/10/2020,0,0,7.1(0.00 %),0,0,0,0,10920000,0.0
13/10/2020,0,0,7.1(0.00 %),0,0,0,0,10920000,0.0
14/10/2020,0,0,7.1(0.00 %),0,0,0,0,10920000,0.0
15/10/2020,0,0,7.1(0.00 %),0,0,0,0,10920000,0.0
16/10/2020,0,0,7.1(0.00 %),0,0,0,0,10920000,0.0
19/10/2020,0,0,7.1(0.00 %),0,0,0,0,10920000,0.0
20/10/2020,0,0,7.1(0.00 %),0,0,0,0,10920000,0.0
21/10/2020,0,0,7.1(0.00 %),0,0,0,0,10920000,0.0
22/10/2020,0,0,7.1(0.00 %),0,0,0,0,10920000,0.0
23/10/2020,0,0,7.1(0.00 %),0,0,0,0,10920000,0.0
26/10/2020,0,0,7.1(0.00 %),0,0,0,0,10920000,0.0
27/10/2020,0,0,7.1(0.00 %),0,0,0,0,10920000,0.0
28/10/2020,0,0,7.1(0.00 %),0,0,0,0,10920000,0.0
29/10/2020,0,0,7.1(0.00 %),0,0,0,0,10920000,0.0
30/10/2020,0,0,7.1(0.00 %),0,0,0,0,10920000,0.0
02/11/2020,0,0,7.1(0.00 %),0,0,0,0,10920000,0.0
03/11/2020,0,0,7.1(0.00 %),0,0,0,0,10920000,0.0
04/11/2020,0,0,7.1(0.00 %),0,0,0,0,10920000,0.0
05/11/2020,0,0,7.1(0.00 %),0,0,0,0,10920000,0.0
06/11/2020,0,0,7.1(0.00 %),0,0,0,0,10920000,0.0
09/11/2020,0,0,7.1(0.00 %),0,0,0,0,10920000,0.0
10/11/2020,0,0,7.1(0.00 %),0,0,0,0,10920000,0.0
11/11/2020,0,0,7.1(0.00 %),0,0,0,0,10920000,0.0
12/11/2020,0,0,7.1(0.00 %),0,0,0,0,10920000,0.0
13/11/2020,0,0,7.1(0.00 %),0,0,0,0,10920000,0.0
16/11/2020,0,0,7.1(0.00 %),0,0,0,0,10920000,0.0
17/11/2020,0,0,7.1(0.00 %),0,0,0,0,10920000,0.0
18/11/2020,0,0,7.1(0.00 %),0,0,0,0,10920000,0.0
19/11/2020,0,0,7.1(0.00 %),0,0,0,0,10920000,0.0
20/11/2020,0,0,7.1(0.00 %),0,0,0,0,10920000,0.0
24/11/2020,0,0,7.1(0.00 %),0,0,0,0,10920000,0.0
25/11/2020,0,0,7.1(0.00 %),0,0,0,0,10920000,0.0
26/11/2020,0,0,7.1(0.00 %),0,0,0,0,10920000,0.0
30/11/2020,0,0,7.1(0.00 %),0,0,0,0,10920000,0.0
01/12/2020,0,0,7.1(0.00 %),0,0,0,0,10920000,0.0
02/12/2020,0,0,7.1(0.00 %),0,0,0,0,10920000,0.0
03/12/2020,0,0,7.1(0.00 %),0,0,0,0,10920000,0.0
04/12/2020,0,0,7.1(0.00 %),0,0,0,0,10920000,0.0
07/12/2020,0,0,7.1(0.00 %),0,0,0,0,10920000,0.0
08/12/2020,0,0,7.1(0.00 %),0,0,0,0,10920000,0.0
09/12/2020,0,0,7.1(0.00 %),0,0,0,0,10920000,0.0
10/12/2020,0,0,7.1(0.00 %),0,0,0,0,10920000,0.0
11/12/2020,0,0,7.1(0.00 %),0,0,0,0,10920000,0.0
14/12/2020,0,0,7.1(0.00 %),0,0,0,0,10920000,0.0
15/12/2020,0,0,7.1(0.00 %),0,0,0,0,10920000,0.0
17/12/2020,0,0,7.1(0.00 %),0,0,0,0,10920000,0.0
18/12/2020,0,0,7.1(0.00 %),0,0,0,0,10920000,0.0
21/12/2020,0,0,7.1(0.00 %),0,0,0,0,10920000,0.0
22/12/2020,0,0,7.1(0.00 %),0,0,0,0,10920000,0.0
23/12/2020,0,0,7.1(0.00 %),0,0,0,0,10920000,0.0
24/12/2020,0,0,7.1(0.00 %),0,0,0,0,10920000,0.0
25/12/2020,0,0,7.1(0.00 %),0,0,0,0,10920000,0.0
28/12/2020,0,0,7.1(0.00 %),0,0,0,0,10920000,0.0
29/12/2020,0,0,7.1(0.00 %),0,0,0,0,10920000,0.0
31/12/2020,0,0,7.1(0.00 %),0,0,0,0,10920000,0.0
04/01/2021,0,0,7.1(0.00 %),0,0,0,0,10920000,0.0
05/01/2021,0,0,7.1(0.00 %),0,0,0,0,10920000,0.0
06/01/2021,0,0,7.1(0.00 %),0,0,0,0,10920000,0.0
07/01/2021,0,0,7.1(0.00 %),0,0,0,0,10920000,0.0
08/01/2021,0,0,7.1(0.00 %),0,0,0,0,10920000,0.0
11/01/2021,0,0,7.1(0.00 %),0,0,0,0,10920000,0.0
12/01/2021,0,0,7.1(0.00 %),0,0,0,0,10920000,0.0
13/01/2021,0,0,7.1(0.00 %),0,0,0,0,10920000,0.0
14/01/2021,0,0,7.1(0.00 %),0,0,0,0,10920000,0.0
15/01/2021,0,0,6.6(0.00 %),0,0,0,0,10920000,0.0
18/01/2021,0,0,6.6(0.00 %),0,0,0,0,10920000,0.0
19/01/2021,0,0,6.6(0.00 %),0,0,0,0,10920000,0.0
20/01/2021,0,0,6.6(0.00 %),0,0,0,0,10920000,0.0
21/01/2021,0,0,6.6(0.00 %),0,0,0,0,10920000,0.0
22/01/2021,0,0,6.6(0.00 %),0,0,0,0,10920000,0.0
25/01/2021,0,0,6.6(0.00 %),0,0,0,0,10920000,0.0
26/01/2021,0,0,6.6(0.00 %),0,0,0,0,10920000,0.0
27/01/2021,0,0,6.6(0.00 %),0,0,0,0,10920000,0.0
28/01/2021,0,0,6.6(0.00 %),0,0,0,0,10920000,0.0
29/01/2021,0,0,6.6(0.00 %),0,0,0,0,10920000,0.0
01/02/2021,0,0,6.6(0.00 %),0,0,0,0,10920000,0.0
02/02/2021,0,0,6.6(0.00 %),0,0,0,0,10920000,0.0
03/02/2021,0,0,6.6(0.00 %),0,0,0,0,10920000,0.0
04/02/2021,0,0,6.6(0.00 %),0,0,0,0,10920000,0.0
05/02/2021,0,0,6.6(0.00 %),0,0,0,0,10920000,0.0
09/02/2021,0,0,9.2(0.00 %),0,0,0,0,10920000,-51.0
17/02/2021,0,0,9.2(0.00 %),0,0,0,0,10920000,0.0
18/02/2021,0,0,9.2(0.00 %),0,0,0,0,10920000,0.0
19/02/2021,0,0,9.2(0.00 %),0,0,0,0,10920000,0.0
22/02/2021,0,0,9.2(0.00 %),0,0,0,0,10920000,0.0
23/02/2021,0,0,9.2(0.00 %),0,0,0,0,10920000,0.0
24/02/2021,0,0,9.2(0.00 %),0,0,0,0,10920000,0.0
25/02/2021,0,0,9.2(0.00 %),0,0,0,0,10920000,0.0
26/02/2021,0,0,9.2(0.00 %),0,0,0,0,10920000,0.0
01/03/2021,0,0,9.2(0.00 %),0,0,0,0,10920000,0.0
02/03/2021,0,0,9.2(0.00 %),0,0,0,0,10920000,0.0
03/03/2021,0,0,9.2(0.00 %),0,0,0,0,10920000,0.0
04/03/2021,0,0,9.2(0.00 %),0,0,0,0,10920000,0.0
05/03/2021,0,0,9.2(0.00 %),0,0,0,0,10920000,0.0
08/03/2021,0,0,9.2(0.00 %),0,0,0,0,10920000,0.0
09/03/2021,0,0,9.2(0.00 %),0,0,0,0,10920000,0.0
10/03/2021,0,0,9.2(0.00 %),0,0,0,0,10920000,0.0
11/03/2021,0,0,9.2(0.00 %),0,0,0,0,10920000,0.0
12/03/2021,0,0,9.2(0.00 %),0,0,0,0,10920000,0.0
15/03/2021,0,0,9.2(0.00 %),0,0,0,0,10920000,0.0
16/03/2021,0,0,9.2(0.00 %),0,0,0,0,10920000,0.0
17/03/2021,0,0,9.2(0.00 %),0,0,0,0,10920000,0.0
18/03/2021,0,0,9.2(0.00 %),0,0,0,0,10920000,0.0
19/03/2021,0,0,9.2(0.00 %),0,0,0,0,10920000,0.0
22/03/2021,0,0,9.2(0.00 %),0,0,0,0,10920000,0.0
23/03/2021,0,0,9.2(0.00 %),0,0,0,0,10920000,0.0
24/03/2021,0,0,9.2(0.00 %),0,0,0,0,10920000,0.0
25/03/2021,0,0,9.2(0.00 %),0,0,0,0,10920000,0.0
26/03/2021,0,0,9.2(0.00 %),0,0,0,0,10920000,0.0
29/03/2021,0,0,9.2(0.00 %),0,0,0,0,10920000,0.0
30/03/2021,0,0,9.2(0.00 %),0,0,0,0,10920000,0.0
31/03/2021,0,0,9.2(0.00 %),0,0,0,0,10920000,0.0
01/04/2021,0,0,9.2(0.00 %),0,0,0,0,10920000,0.0
02/04/2021,0,0,9.2(0.00 %),0,0,0,0,10920000,0.0
05/04/2021,0,0,9.2(0.00 %),0,0,0,0,10920000,0.0
06/04/2021,0,0,9.2(0.00 %),0,0,0,0,10920000,0.0
07/04/2021,0,0,9.2(0.00 %),0,0,0,0,10920000,0.0
08/04/2021,0,0,9.2(0.00 %),0,0,0,0,10920000,0.0
09/04/2021,0,0,9.2(0.00 %),0,0,0,0,10920000,0.0
12/04/2021,0,0,9.2(0.00 %),0,0,0,0,10920000,0.0
13/04/2021,0,0,9.2(0.00 %),0,0,0,0,10920000,0.0
14/04/2021,0,0,9.2(0.00 %),0,0,0,0,10920000,0.0
16/04/2021,0,0,9.2(0.00 %),0,0,0,0,10920000,0.0
19/04/2021,0,0,9.2(0.00 %),0,0,0,0,10920000,0.0
20/04/2021,0,0,9.2(0.00 %),0,0,0,0,10920000,0.0
22/04/2021,0,0,9.2(0.00 %),0,0,0,0,10920000,0.0
23/04/2021,0,0,9.2(0.00 %),0,0,0,0,10920000,0.0
26/04/2021,0,0,9.2(0.00 %),0,0,0,0,10920000,0.0
27/04/2021,0,0,9.2(0.00 %),0,0,0,0,10920000,0.0
28/04/2021,0,0,9.2(0.00 %),0,0,0,0,10920000,0.0
29/04/2021,0,0,9.2(0.00 %),0,0,0,0,10920000,0.0
04/05/2021,0,0,9.2(0.00 %),0,0,0,0,10920000,0.0
05/05/2021,0,0,9.2(0.00 %),0,0,0,0,10920000,0.0
06/05/2021,0,0,9.2(0.00 %),0,0,0,0,10920000,0.0
07/05/2021,0,0,9.2(0.00 %),0,0,0,0,10920000,0.0
10/05/2021,0,0,9.2(0.00 %),0,0,0,0,10920000,0.0
11/05/2021,0,0,9.2(0.00 %),0,0,0,0,10920000,0.0
12/05/2021,0,0,9.2(0.00 %),0,0,0,0,10920000,0.0
13/05/2021,0,0,9.2(0.00 %),0,0,0,0,10920000,0.0
14/05/2021,0,0,9.2(0.00 %),0,0,0,0,10920000,0.0
17/05/2021,0,0,9.2(0.00 %),0,0,0,0,10920000,0.0
18/05/2021,0,0,9.2(0.00 %),0,0,0,0,10920000,0.0
19/05/2021,0,0,9.2(0.00 %),0,0,0,0,10920000,0.0
20/05/2021,0,0,9.2(0.00 %),0,0,0,0,10920000,0.0
21/05/2021,0,0,9.2(0.00 %),0,0,0,0,10920000,0.0
24/05/2021,0,0,9.2(0.00 %),0,0,0,0,10920000,0.0
25/05/2021,0,0,9.2(0.00 %),0,0,0,0,10920000,0.0
26/05/2021,0,0,9.2(0.00 %),0,0,0,0,10920000,0.0
27/05/2021,0,0,9.2(0.00 %),0,0,0,0,10920000,0.0
28/05/2021,0,0,9.2(0.00 %),0,0,0,0,10920000,0.0
31/05/2021,0,0,9.2(0.00 %),0,0,0,0,10920000,0.0
01/06/2021,0,0,9.2(0.00 %),0,0,0,0,10920000,0.0
02/06/2021,0,0,9.2(0.00 %),0,0,0,0,10920000,0.0
03/06/2021,0,0,9.2(0.00 %),0,0,0,0,10920000,0.0
04/06/2021,0,0,9.2(0.00 %),0,0,0,0,10920000,0.0
07/06/2021,0,0,9.2(0.00 %),0,0,0,0,10920000,0.0
08/06/2021,0,0,9.2(0.00 %),0,0,0,0,10920000,0.0
09/06/2021,0,0,9.2(0.00 %),0,0,0,0,10920000,0.0
10/06/2021,0,0,9.2(0.00 %),0,0,0,0,10920000,0.0
11/06/2021,0,0,9.2(0.00 %),0,0,0,0,10920000,0.0
14/06/2021,0,0,9.2(0.00 %),0,0,0,0,10920000,0.0
15/06/2021,0,0,9.2(0.00 %),0,0,0,0,10920000,0.0
16/06/2021,0,0,9.2(0.00 %),0,0,0,0,10920000,0.0
17/06/2021,0,0,9.2(0.00 %),0,0,0,0,10920000,0.0
18/06/2021,0,0,9.2(0.00 %),0,0,0,0,10920000,0.0
22/06/2021,0,0,9.2(0.00 %),0,0,0,0,10920000,0.0
23/06/2021,0,0,9.2(0.00 %),0,0,0,0,10920000,0.0
24/06/2021,0,0,9.2(0.00 %),0,0,0,0,10920000,0.0
25/06/2021,0,0,9.2(0.00 %),0,0,0,0,10920000,0.0
28/06/2021,0,0,9.2(0.00 %),0,0,0,0,10920000,0.0
29/06/2021,0,0,9.2(0.00 %),0,0,0,0,10920000,0.0
30/06/2021,0,0,9.2(0.00 %),0,0,0,0,10920000,0.0
01/07/2021,0,0,9.2(0.00 %),0,0,0,0,10920000,0.0
02/07/2021,0,0,9.2(0.00 %),0,0,0,0,10920000,0.0
05/07/2021,0,0,9.2(0.00 %),0,0,0,0,10920000,0.0
06/07/2021,0,0,9.2(0.00 %),0,0,0,0,10920000,0.0
07/07/2021,0,0,9.2(0.00 %),0,0,0,0,10920000,0.0
08/07/2021,0,0,9.2(0.00 %),0,0,0,0,10920000,-51.0
09/07/2021,0,0,9.2(0.00 %),0,0,0,0,10920000,0.0
12/07/2021,0,0,9.2(0.00 %),0,0,0,0,10920000,0.0
13/07/2021,0,0,9.2(0.00 %),0,0,0,0,10920000,0.0
14/07/2021,0,0,9.2(0.00 %),0,0,0,0,10920000,0.0
15/07/2021,0,0,9.2(0.00 %),0,0,0,0,10920000,0.0
16/07/2021,0,0,9.2(0.00 %),0,0,0,0,10920000,0.0
19/07/2021,0,0,9.2(0.00 %),0,0,0,0,10920000,0.0
20/07/2021,0,0,9.2(0.00 %),0,0,0,0,10920000,0.0
21/07/2021,0,0,9.2(0.00 %),0,0,0,0,10920000,0.0
22/07/2021,0,0,9.2(0.00 %),0,0,0,0,10920000,0.0
23/07/2021,0,0,9.2(0.00 %),0,0,0,0,10920000,0.0
26/07/2021,0,0,9.2(0.00 %),0,0,0,0,10920000,0.0
27/07/2021,0,0,9.2(0.00 %),0,0,0,0,10920000,0.0
28/07/2021,0,0,9.2(0.00 %),0,0,0,0,10920000,0.0
29/07/2021,0,0,9.2(0.00 %),0,0,0,0,10920000,0.0
30/07/2021,0,0,9.2(0.00 %),0,0,0,0,10920000,0.0
02/08/2021,0,0,9.2(0.00 %),0,0,0,0,10920000,0.0
03/08/2021,0,0,9.2(0.00 %),0,0,0,0,10920000,0.0
04/08/2021,0,0,9.2(0.00 %),0,0,0,0,10920000,0.0
05/08/2021,0,0,9.2(0.00 %),0,0,0,0,10920000,0.0
06/08/2021,0,0,9.2(0.00 %),0,0,0,0,10920000,0.0
09/08/2021,0,0,9.2(0.00 %),0,0,0,0,10920000,0.0
10/08/2021,0,0,9.2(0.00 %),0,0,0,0,10920000,0.0
11/08/2021,0,0,8.2(0.00 %),0,0,0,0,10920000,0.0
12/08/2021,0,0,8.2(0.00 %),0,0,0,0,10920000,0.0
13/08/2021,0,0,8.2(0.00 %),0,0,0,0,5350800,0.0
16/08/2021,0,0,8.2(0.00 %),0,0,0,0,5350800,0.0
17/08/2021,0,0,8.2(0.00 %),0,0,0,0,5350800,0.0
18/08/2021,0,0,8.2(0.00 %),0,0,0,0,5350800,0.0
19/08/2021,0,0,8.2(0.00 %),0,0,0,0,5350800,0.0
20/08/2021,0,0,8.2(0.00 %),0,0,0,0,5350800,0.0
23/08/2021,0,0,8.2(0.00 %),0,0,0,0,5350800,0.0
24/08/2021,0,0,8.2(0.00 %),0,0,0,0,5350800,0.0
25/08/2021,0,0,8.2(0.00 %),0,0,0,0,5350800,0.0
26/08/2021,0,0,8.2(0.00 %),0,0,0,0,5350800,0.0
27/08/2021,0,0,8.2(0.00 %),0,0,0,0,5350800,0.0
30/08/2021,0,0,8.2(0.00 %),0,0,0,0,5350800,0.0
31/08/2021,0,0,8.2(0.00 %),0,0,0,0,5350800,0.0
01/09/2021,0,0,8.2(0.00 %),0,0,0,0,5350800,0.0
06/09/2021,0,0,8.2(0.00 %),0,0,0,0,5350800,0.0
07/09/2021,0,0,8.2(0.00 %),0,0,0,0,5350800,0.0
08/09/2021,0,0,8.2(0.00 %),0,0,0,0,5350800,0.0
09/09/2021,0,0,8.2(0.00 %),0,0,0,0,5350800,0.0
10/09/2021,0,0,8.2(0.00 %),0,0,0,0,5350800,0.0
13/09/2021,0,0,8.2(0.00 %),0,0,0,0,5350800,0.0
14/09/2021,0,0,8.2(0.00 %),0,0,0,0,5350800,0.0
15/09/2021,0,0,8.2(0.00 %),0,0,0,0,5350800,0.0
16/09/2021,0,0,8.2(0.00 %),0,0,0,0,5350800,0.0
17/09/2021,0,0,5.5(0.00 %),0,0,0,0,5350800,0.0
20/09/2021,0,0,5.5(0.00 %),0,0,0,0,5350800,0.0
21/09/2021,0,0,5.5(0.00 %),0,0,0,0,5350800,0.0
22/09/2021,0,0,5.5(0.00 %),0,0,0,0,5350800,0.0
23/09/2021,0,0,5.5(0.00 %),0,0,0,0,5350800,0.0
24/09/2021,0,0,5.5(0.00 %),0,0,0,0,5350800,0.0
27/09/2021,0,0,5.5(0.00 %),0,0,0,0,5350800,0.0
28/09/2021,0,0,5.5(0.00 %),0,0,0,0,5350800,0.0
29/09/2021,0,0,5.5(0.00 %),0,0,0,0,5350800,0.0
30/09/2021,0,0,5.5(0.00 %),0,0,0,0,5350800,0.0
01/10/2021,0,0,5.5(0.00 %),0,0,0,0,5350800,0.0
04/10/2021,0,0,5.5(0.00 %),0,0,0,0,5350800,0.0
05/10/2021,0,0,5.5(0.00 %),0,0,0,0,5350800,0.0
06/10/2021,0,0,5.5(0.00 %),0,0,0,0,5350800,0.0
07/10/2021,0,0,5.5(0.00 %),0,0,0,0,5350800,0.0
08/10/2021,0,0,5.5(0.00 %),0,0,0,0,5350800,0.0
11/10/2021,0,0,5.5(0.00 %),0,0,0,0,5350800,0.0
12/10/2021,0,0,5.5(0.00 %),0,0,0,0,5350800,0.0
13/10/2021,0,0,5.5(0.00 %),0,0,0,0,5350800,0.0
14/10/2021,0,0,5.5(0.00 %),0,0,0,0,5350800,0.0
15/10/2021,0,0,5.5(0.00 %),0,0,0,0,5350800,0.0
18/10/2021,0,0,5.5(0.00 %),0,0,0,0,5350800,0.0
19/10/2021,0,0,5.5(0.00 %),0,0,0,0,5350800,0.0
20/10/2021,0,0,5.5(0.00 %),0,0,0,0,5350800,0.0
21/10/2021,0,0,5.5(0.00 %),0,0,0,0,5350800,0.0
22/10/2021,0,0,5.5(0.00 %),0,0,0,0,5350800,0.0
25/10/2021,0,0,5.5(0.00 %),0,0,0,0,5350800,0.0
26/10/2021,0,0,5.5(0.00 %),0,0,0,0,5350800,0.0
27/10/2021,0,0,5.5(0.00 %),0,0,0,0,5350800,24.5
28/10/2021,0,0,5.5(0.00 %),0,0,0,0,5350800,24.5
29/10/2021,0,0,5.5(0.00 %),0,0,0,0,5350800,24.5
01/11/2021,0,0,5.5(0.00 %),0,0,0,0,8026200,0.0
02/11/2021,0,0,5.5(0.00 %),0,0,0,0,8026200,0.0
03/11/2021,0,0,5.5(0.00 %),0,0,0,0,8026200,0.0
04/11/2021,0,0,5.5(0.00 %),0,0,0,0,8026200,0.0
05/11/2021,0,0,5.5(0.00 %),0,0,0,0,8026200,0.0
08/11/2021,0,0,5.5(0.00 %),0,0,0,0,8026200,0.0
09/11/2021,0,0,5.5(0.00 %),0,0,0,0,8026200,0.0
10/11/2021,0,0,5.5(0.00 %),0,0,0,0,8026200,0.0
11/11/2021,0,0,5.5(0.00 %),0,0,0,0,8026200,0.0
12/11/2021,0,0,5.5(0.00 %),0,0,0,0,8026200,0.0
15/11/2021,0,0,5.5(0.00 %),0,0,0,0,8026200,0.0
16/11/2021,0,0,5.5(0.00 %),0,0,0,0,8026200,0.0
17/11/2021,0,0,5.5(0.00 %),0,0,0,0,8026200,0.0
18/11/2021,0,0,5.5(0.00 %),0,0,0,0,8026200,0.0
19/11/2021,0,0,5.5(0.00 %),0,0,0,0,8026200,0.0
22/11/2021,0,0,5.5(0.00 %),0,0,0,0,8026200,0.0
23/11/2021,0,0,5.5(0.00 %),0,0,0,0,8026200,0.0
24/11/2021,0,0,7.7(40.00 %),0,0,0,0,8026200,0.0
25/11/2021,0,0,7.7(0.00 %),0,0,0,0,8026200,0.0
26/11/2021,0,0,7.7(0.00 %),0,0,0,0,8026200,0.0
29/11/2021,0,0,7.7(0.00 %),0,0,0,0,8026200,0.0
30/11/2021,0,0,7.7(0.00 %),0,0,0,0,8026200,0.0
01/12/2021,0,0,7.7(0.00 %),0,0,0,0,8026200,0.0
02/12/2021,0,0,7.7(0.00 %),0,0,0,0,8026200,0.0
03/12/2021,0,0,7.7(0.00 %),0,0,0,0,8026200,0.0
06/12/2021,0,0,7.7(0.00 %),0,0,0,0,8026200,0.0
07/12/2021,0,0,7.7(0.00 %),0,0,0,0,8026200,0.0
08/12/2021,0,0,7.7(0.00 %),0,0,0,0,8026200,0.0
09/12/2021,0,0,7.7(0.00 %),0,0,0,0,8026200,0.0
10/12/2021,0,0,7.7(0.00 %),0,0,0,0,8026200,0.0
13/12/2021,0,0,7.7(0.00 %),0,0,0,0,8026200,0.0
14/12/2021,0,0,7.7(0.00 %),0,0,0,0,8026200,0.0
15/12/2021,0,0,7.7(0.00 %),0,0,0,0,8026200,0.0
16/12/2021,0,0,7.7(0.00 %),0,0,0,0,8026200,0.0
17/12/2021,0,0,7.7(0.00 %),0,0,0,0,8026200,0.0
20/12/2021,0,0,7.7(0.00 %),0,0,0,0,8026200,0.0
21/12/2021,0,0,7.7(0.00 %),0,0,0,0,8026200,0.0
22/12/2021,0,0,7.7(0.00 %),0,0,0,0,8026200,0.0
23/12/2021,0,0,7.7(0.00 %),0,0,0,0,8026200,0.0
24/12/2021,0,0,7.7(0.00 %),0,0,0,0,8026200,0.0
27/12/2021,0,0,7.7(0.00 %),0,0,0,0,8026200,0.0
28/12/2021,0,0,7.7(0.00 %),0,0,0,0,8026200,0.0
29/12/2021,0,0,7.7(0.00 %),0,0,0,0,8026200,0.0
30/12/2021,0,0,7.7(0.00 %),0,0,0,0,8026200,0.0
31/12/2021,0,0,7.7(0.00 %),0,0,0,0,8026200,0.0
04/01/2022,0,0,7.7(0.00 %),0,0,0,0,8026200,0.0
05/01/2022,0,0,7.7(0.00 %),0,0,0,0,8026200,0.0
06/01/2022,0,0,7.7(0.00 %),0,0,0,0,8026200,0.0
07/01/2022,0,0,7.7(0.00 %),0,0,0,0,8026200,0.0
10/01/2022,0,0,7.7(0.00 %),0,0,0,0,8026200,0.0
11/01/2022,0,0,7.7(0.00 %),0,0,0,0,8026200,0.0
12/01/2022,0,0,7.7(0.00 %),0,0,0,0,8026200,0.0
13/01/2022,0,0,7.7(0.00 %),0,0,0,0,8026200,0.0
14/01/2022,0,0,7.7(0.00 %),0,0,0,0,8026200,0.0
17/01/2022,0,0,7.7(0.00 %),0,0,0,0,8026200,0.0
18/01/2022,0,0,7.7(0.00 %),0,0,0,0,8026200,0.0
19/01/2022,0,0,7.7(0.00 %),0,0,0,0,8026200,0.0
20/01/2022,0,0,7.7(0.00 %),0,0,0,0,8026200,0.0
21/01/2022,0,0,7.7(0.00 %),0,0,0,0,8026200,0.0
24/01/2022,0,0,7.7(0.00 %),0,0,0,0,8026200,0.0
25/01/2022,0,0,7.7(0.00 %),0,0,0,0,8026200,0.0
26/01/2022,0,0,7.7(0.00 %),0,0,0,0,8026200,0.0
27/01/2022,0,0,7.7(0.00 %),0,0,0,0,8026200,0.0
28/01/2022,0,0,7.7(0.00 %),0,0,0,0,8026200,0.0
07/02/2022,0,0,7.7(0.00 %),0,0,0,0,8026200,0.0
08/02/2022,0,0,7.7(0.00 %),0,0,0,0,8026200,0.0
09/02/2022,0,0,7.7(0.00 %),0,0,0,0,8026200,0.0
10/02/2022,0,0,7.7(0.00 %),0,0,0,0,8026200,0.0
11/02/2022,0,0,7.7(0.00 %),0,0,0,0,8026200,0.0
14/02/2022,0,0,7.7(0.00 %),0,0,0,0,8026200,0.0
15/02/2022,0,0,7.7(0.00 %),0,0,0,0,8026200,0.0
16/02/2022,0,0,7.7(0.00 %),0,0,0,0,8026200,0.0
17/02/2022,0,0,7.7(0.00 %),0,0,0,0,8026200,0.0
18/02/2022,0,0,7.7(0.00 %),0,0,0,0,8026200,0.0
21/02/2022,0,0,7.7(0.00 %),0,0,0,0,8026200,0.0
22/02/2022,0,0,7.7(0.00 %),0,0,0,0,8026200,0.0
23/02/2022,0,0,7.7(0.00 %),0,0,0,0,8026200,0.0
24/02/2022,0,0,7.7(0.00 %),0,0,0,0,8026200,0.0
25/02/2022,0,0,7.7(0.00 %),0,0,0,0,8026200,0.0
28/02/2022,0,0,7.7(0.00 %),0,0,0,0,8026200,0.0
01/03/2022,0,0,7.7(0.00 %),0,0,0,0,8026200,0.0
02/03/2022,0,0,7.7(0.00 %),0,0,0,0,8026200,0.0
03/03/2022,0,0,7.7(0.00 %),0,0,0,0,8026200,0.0
04/03/2022,0,0,7.7(0.00 %),0,0,0,0,8026200,0.0
07/03/2022,0,0,7.7(0.00 %),0,0,0,0,8026200,0.0
08/03/2022,0,0,7.7(0.00 %),0,0,0,0,8026200,0.0
09/03/2022,0,0,7.7(0.00 %),0,0,0,0,8026200,0.0
10/03/2022,0,0,7.7(0.00 %),0,0,0,0,8026200,0.0
11/03/2022,0,0,7.7(0.00 %),0,0,0,0,8026200,0.0
14/03/2022,0,0,7.7(0.00 %),0,0,0,0,8026200,0.0
15/03/2022,0,0,7.7(0.00 %),0,0,0,0,8026200,0.0
16/03/2022,0,0,7.7(0.00 %),0,0,0,0,8026200,0.0
17/03/2022,0,0,7.7(0.00 %),0,0,0,0,8026200,0.0
18/03/2022,0,0,7.7(0.00 %),0,0,0,0,8026200,0.0
21/03/2022,0,0,7.7(0.00 %),0,0,0,0,8026200,0.0
22/03/2022,0,0,7.7(0.00 %),0,0,0,0,8026200,0.0
23/03/2022,0,0,7.7(0.00 %),0,0,0,0,8026200,0.0
24/03/2022,0,0,7.7(0.00 %),0,0,0,0,8026200,0.0
25/03/2022,0,0,7.7(0.00 %),0,0,0,0,8026200,0.0
28/03/2022,0,0,10.7(38.96 %),0,0,0,0,8026200,0.0
29/03/2022,0,0,10.7(0.00 %),0,0,0,0,8026200,0.0
30/03/2022,0,0,10.7(0.00 %),0,0,0,0,8026200,0.0
31/03/2022,0,0,10.7(0.00 %),0,0,0,0,8026200,0.0
01/04/2022,0,0,10.7(0.00 %),0,0,0,0,8026200,0.0
04/04/2022,0,0,10.7(0.00 %),0,0,0,0,8026200,0.0
05/04/2022,0,0,10.7(0.00 %),0,0,0,0,8026200,0.0
06/04/2022,0,0,10.7(0.00 %),0,0,0,0,8026200,0.0
07/04/2022,0,0,10.7(0.00 %),0,0,0,0,8026200,0.0
08/04/2022,0,0,10.7(0.00 %),0,0,0,0,8026200,0.0
12/04/2022,0,0,10.7(0.00 %),0,0,0,0,8026200,0.0
13/04/2022,0,0,10.7(0.00 %),0,0,0,0,8026200,0.0
14/04/2022,0,0,10.7(0.00 %),0,0,0,0,8026200,0.0
15/04/2022,0,0,0(0.00 %),0,0,0,0,8026200,0.0
18/04/2022,0,0,10.7(0.00 %),0,0,0,0,8026200,0.0
19/04/2022,0,0,10.7(0.00 %),0,0,0,0,8026200,0.0
20/04/2022,0,0,10.7(0.00 %),0,0,0,0,8026200,0.0
21/04/2022,0,0,10.7(0.00 %),0,0,0,0,8026200,0.0
22/04/2022,0,0,10.7(0.00 %),0,0,0,0,8026200,0.0
25/04/2022,0,0,10.7(0.00 %),0,0,0,0,8026200,0.0
26/04/2022,0,0,10.7(0.00 %),0,0,0,0,8026200,0.0
27/04/2022,0,0,10.7(0.00 %),0,0,0,0,8026200,0.0
28/04/2022,0,0,10.7(0.00 %),0,0,0,0,8026200,0.0
29/04/2022,0,0,10.7(0.00 %),0,0,0,0,8026200,0.0
04/05/2022,0,0,10.7(0.00 %),0,0,0,0,8026200,0.0
05/05/2022,0,0,10.7(0.00 %),0,0,0,0,8026200,0.0
06/05/2022,0,0,10.7(0.00 %),0,0,0,0,8026200,0.0
09/05/2022,0,0,10.7(0.00 %),0,0,0,0,8026200,0.0
10/05/2022,0,0,10.7(0.00 %),0,0,0,0,8026200,0.0
11/05/2022,0,0,10.7(0.00 %),0,0,0,0,8026200,0.0
12/05/2022,0,0,10.7(0.00 %),0,0,0,0,8026200,0.0
13/05/2022,0,0,10.7(0.00 %),0,0,0,0,8026200,0.0
16/05/2022,0,0,10.7(0.00 %),0,0,0,0,8026200,0.0
17/05/2022,0,0,10.7(0.00 %),0,0,0,0,8026200,0.0
18/05/2022,0,0,10.7(0.00 %),0,0,0,0,8026200,0.0
19/05/2022,0,0,10.7(0.00 %),0,0,0,0,8026200,0.0
20/05/2022,0,0,10.7(0.00 %),0,0,0,0,8026200,0.0
23/05/2022,0,0,10.7(0.00 %),0,0,0,0,8026200,0.0
24/05/2022,0,0,10.7(0.00 %),0,0,0,0,8026200,0.0
25/05/2022,0,0,10.7(0.00 %),0,0,0,0,8026200,0.0
26/05/2022,0,0,10.7(0.00 %),0,0,0,0,8026200,0.0
27/05/2022,0,0,10.7(0.00 %),0,0,0,0,8026200,0.0
30/05/2022,0,0,10.7(0.00 %),0,0,0,0,8026200,0.0
31/05/2022,0,0,10.7(0.00 %),0,0,0,0,8026200,0.0
01/06/2022,0,0,10.7(0.00 %),0,0,0,0,8026200,0.0
02/06/2022,0,0,6.5(0.00 %),0,0,0,0,8026200,0.0
03/06/2022,0,0,6.5(0.00 %),0,0,0,0,8026200,0.0
06/06/2022,0,0,6.5(0.00 %),0,0,0,0,8026200,0.0
07/06/2022,0,0,6.5(0.00 %),0,0,0,0,8026200,0.0
08/06/2022,0,0,6.5(0.00 %),0,0,0,0,8026200,0.0
09/06/2022,0,0,6.5(0.00 %),0,0,0,0,8026200,0.0
10/06/2022,0,0,6.5(0.00 %),0,0,0,0,8026200,0.0
13/06/2022,0,0,6.5(0.00 %),0,0,0,0,8026200,0.0
14/06/2022,0,0,6.5(0.00 %),0,0,0,0,8026200,0.0
15/06/2022,0,0,6.5(0.00 %),0,0,0,0,8026200,0.0
16/06/2022,0,0,6.5(0.00 %),0,0,0,0,8026200,0.0
17/06/2022,0,0,6.5(0.00 %),0,0,0,0,8026200,0.0
20/06/2022,0,0,6.5(0.00 %),0,0,0,0,8026200,0.0
21/06/2022,0,0,6.5(0.00 %),0,0,0,0,8026200,0.0
22/06/2022,0,0,6.5(0.00 %),0,0,0,0,8026200,0.0
23/06/2022,0,0,6.5(0.00 %),0,0,0,0,8026200,0.0
24/06/2022,0,0,6.5(0.00 %),0,0,0,0,8026200,0.0
27/06/2022,0,0,9.1(40.00 %),0,0,0,0,8026200,0.0
28/06/2022,0,0,9.1(0.00 %),0,0,0,0,8026200,0.0
29/06/2022,0,0,9.1(0.00 %),0,0,0,0,8026200,0.0
30/06/2022,0,0,9.1(0.00 %),0,0,0,0,12039296,0.0
01/07/2022,0,0,9.1(0.00 %),0,0,0,0,12039296,0.0
04/07/2022,0,0,9.1(0.00 %),0,0,0,0,12039296,0.0
05/07/2022,0,0,9.1(0.00 %),0,0,0,0,12039296,0.0
06/07/2022,0,0,9.1(0.00 %),0,0,0,0,12039296,0.0
07/07/2022,0,0,9.1(0.00 %),0,0,0,0,12039296,0.0
08/07/2022,0,0,9.1(0.00 %),0,0,0,0,12039296,0.0
11/07/2022,0,0,9.1(0.00 %),0,0,0,0,12039296,0.0
12/07/2022,0,0,9.1(0.00 %),0,0,0,0,12039296,0.0
13/07/2022,0,0,0(0.00 %),0,0,0,0,12039296,0.0
14/07/2022,0,0,9.1(0.00 %),0,0,0,0,12039296,0.0
15/07/2022,0,0,9.1(0.00 %),0,0,0,0,12039296,0.0
18/07/2022,0,0,9.1(0.00 %),0,0,0,0,12039296,0.0
19/07/2022,0,0,9.1(0.00 %),0,0,0,0,12039296,0.0
20/07/2022,0,0,9.1(0.00 %),0,0,0,0,12039296,0.0
21/07/2022,0,0,9.1(0.00 %),0,0,0,0,12039296,0.0
22/07/2022,0,0,9.1(0.00 %),0,0,0,0,12039296,0.0
25/07/2022,0,0,9.1(0.00 %),0,0,0,0,12039296,0.0
26/07/2022,0,0,9.1(0.00 %),0,0,0,0,12039296,0.0
27/07/2022,0,0,9.1(0.00 %),0,0,0,0,12039296,0.0
28/07/2022,0,0,9.1(0.00 %),0,0,0,0,12039296,0.0
29/07/2022,0,0,9.1(0.00 %),0,0,0,0,12039296,0.0
01/08/2022,0,0,9.1(0.00 %),0,0,0,0,12039296,0.0
02/08/2022,0,0,9.1(0.00 %),0,0,0,0,12039296,0.0
03/08/2022,0,0,9.1(0.00 %),0,0,0,0,12039296,0.0
04/08/2022,0,0,9.1(0.00 %),0,0,0,0,12039296,0.0
05/08/2022,0,0,10.4(14.29 %),0,0,0,0,12039296,0.0
08/08/2022,0,0,10.4(0.00 %),0,0,0,0,12039296,0.0
09/08/2022,0,0,10.4(0.00 %),0,0,0,0,12039296,0.0
10/08/2022,0,0,10.4(0.00 %),0,0,0,0,12039296,0.0
11/08/2022,0,0,10.4(0.00 %),0,0,0,0,12039296,0.0
12/08/2022,0,0,10.4(0.00 %),0,0,0,0,12039296,0.0
15/08/2022,0,0,10.4(0.00 %),0,0,0,0,12039296,0.0
16/08/2022,0,0,10.4(0.00 %),0,0,0,0,12039296,0.0
17/08/2022,0,0,10.4(0.00 %),0,0,0,0,12039296,0.0
18/08/2022,0,0,10.4(0.00 %),0,0,0,0,12039296,0.0
19/08/2022,0,0,10.4(0.00 %),0,0,0,0,12039296,0.0
22/08/2022,0,0,10.4(0.00 %),0,0,0,0,12039296,0.0
23/08/2022,0,0,10.4(0.00 %),0,0,0,0,12039296,0.0
24/08/2022,0,0,10.4(0.00 %),0,0,0,0,12039296,0.0
25/08/2022,0,0,10.4(0.00 %),0,0,0,0,12039296,0.0
26/08/2022,0,0,10.4(0.00 %),0,0,0,0,12039296,0.0
29/08/2022,0,0,10.4(0.00 %),0,0,0,0,12039296,0.0
30/08/2022,0,0,10.4(0.00 %),0,0,0,0,12039296,0.0
31/08/2022,0,0,10.4(0.00 %),0,0,0,0,12039296,0.0
05/09/2022,0,0,10.4(0.00 %),0,0,0,0,12039296,0.0
06/09/2022,0,0,10.4(0.00 %),0,0,0,0,12039296,0.0
07/09/2022,0,0,10.4(0.00 %),0,0,0,0,12039296,0.0
08/09/2022,0,0,10.4(0.00 %),0,0,0,0,12039296,0.0
09/09/2022,0,0,10.4(0.00 %),0,0,0,0,12039296,0.0
12/09/2022,0,0,10.4(0.00 %),0,0,0,0,12039296,0.0
13/09/2022,0,0,11.9(14.42 %),0,0,0,0,12039296,0.0
14/09/2022,0,0,11.9(0.00 %),0,0,0,0,12039296,0.0
15/09/2022,0,0,11.9(0.00 %),0,0,0,0,0,0.0
16/09/2022,0,0,11.9(0.00 %),0,0,0,0,12039296,0.0
19/09/2022,0,0,11.9(0.00 %),0,0,0,0,12039296,0.0
20/09/2022,0,0,11.9(0.00 %),0,0,0,0,12039296,0.0
21/09/2022,0,0,11.9(0.00 %),0,0,0,0,12039296,0.0
22/09/2022,0,0,11.9(0.00 %),0,0,0,0,12039296,0.0
23/09/2022,0,0,11.9(0.00 %),0,0,0,0,12039296,0.0
26/09/2022,0,0,11.9(0.00 %),0,0,0,0,12039296,0.0
27/09/2022,0,0,11.9(0.00 %),0,0,0,0,12039296,0.0
28/09/2022,0,0,11.9(0.00 %),0,0,0,0,12039296,0.0
29/09/2022,0,0,11.9(0.00 %),0,0,0,0,12039296,0.0
30/09/2022,0,0,11.9(0.00 %),0,0,0,0,12039296,0.0
03/10/2022,0,0,11.9(0.00 %),0,0,0,0,12039296,0.0
04/10/2022,0,0,11.9(0.00 %),0,0,0,0,12039296,0.0
05/10/2022,0,0,11.9(0.00 %),0,0,0,0,12039296,0.0
06/10/2022,0,0,11.9(0.00 %),0,0,0,0,12039296,0.0
07/10/2022,0,0,11.9(0.00 %),0,0,0,0,12039296,0.0
10/10/2022,0,0,11.9(0.00 %),0,0,0,0,12039296,0.0
11/10/2022,0,0,11.9(0.00 %),0,0,0,0,12039296,0.0
12/10/2022,0,0,11.9(0.00 %),0,0,0,0,12039296,0.0
13/10/2022,0,0,11.9(0.00 %),0,0,0,0,12039296,0.0
14/10/2022,0,0,11.9(0.00 %),0,0,0,0,12039296,0.0
17/10/2022,0,0,11.9(0.00 %),0,0,0,0,12039296,0.0
18/10/2022,0,0,11.9(0.00 %),0,0,0,0,12039296,0.0
19/10/2022,0,0,11.9(0.00 %),0,0,0,0,12039296,0.0
20/10/2022,0,0,11.9(0.00 %),0,0,0,0,12039296,0.0
21/10/2022,0,0,11.9(0.00 %),0,0,0,0,12039296,0.0
24/10/2022,0,0,11.9(0.00 %),0,0,0,0,12039296,0.0
25/10/2022,0,0,11.9(0.00 %),0,0,0,0,12039296,0.0
26/10/2022,0,0,11.9(0.00 %),0,0,0,0,12039296,0.0
27/10/2022,0,0,11.9(0.00 %),0,0,0,0,12039296,0.0
28/10/2022,0,0,11.9(0.00 %),0,0,0,0,12039296,0.0
31/10/2022,0,0,11.9(0.00 %),0,0,0,0,12039296,0.0
01/11/2022,0,0,16.6(39.50 %),0,0,0,0,12039296,0.0
02/11/2022,0,0,16.6(0.00 %),0,0,0,0,12039296,0.0
03/11/2022,0,0,16.6(0.00 %),0,0,0,0,12039296,0.0
04/11/2022,0,0,16.6(0.00 %),0,0,0,0,12039296,0.0
07/11/2022,0,0,16.6(0.00 %),0,0,0,0,12039296,0.0
08/11/2022,0,0,16.6(0.00 %),0,0,0,0,12039296,0.0
09/11/2022,0,0,19(14.46 %),0,0,0,0,12039296,0.0
10/11/2022,0,0,21.8(14.74 %),0,0,0,0,12039296,0.0
11/11/2022,0,0,25(14.68 %),0,0,0,0,12039296,0.0
14/11/2022,0,0,28.7(14.80 %),0,0,0,0,12039296,0.0
15/11/2022,0,0,33(14.98 %),0,0,0,0,12039296,0.0
16/11/2022,0,0,37.8(14.55 %),0,0,0,0,12039296,0.0
17/11/2022,0,0,37.1(0.00 %),0,0,0,0,12039296,0.0
18/11/2022,0,0,31.6(-14.82 %),0,0,0,0,12039296,0.0
21/11/2022,0,0,31.6(0.00 %),0,0,0,0,12039296,0.0
22/11/2022,0,0,31.6(0.00 %),0,0,0,0,12039296,0.0
23/11/2022,0,0,31.6(0.00 %),0,0,0,0,12039296,0.0
24/11/2022,0,0,31.6(0.00 %),0,0,0,0,12039296,0.0
25/11/2022,0,0,31.6(0.00 %),0,0,0,0,12039296,0.0
28/11/2022,0,0,31.6(0.00 %),0,0,0,0,12039296,0.0
29/11/2022,0,0,31.6(0.00 %),0,0,0,0,12039296,0.0
30/11/2022,0,0,31.6(0.00 %),0,0,0,0,12039296,0.0
01/12/2022,0,0,31.6(0.00 %),0,0,0,0,12039296,0.0
02/12/2022,0,0,31.6(0.00 %),0,0,0,0,12039296,0.0
05/12/2022,0,0,31.6(0.00 %),0,0,0,0,12039296,0.0
06/12/2022,0,0,31.6(0.00 %),0,0,0,0,12039296,0.0
07/12/2022,0,0,31.6(0.00 %),0,0,0,0,12039296,0.0
08/12/2022,0,0,31.6(0.00 %),0,0,0,0,12039296,0.0
09/12/2022,0,0,31.6(0.00 %),0,0,0,0,12039296,0.0
12/12/2022,0,0,31.6(0.00 %),0,0,0,0,12039296,0.0
13/12/2022,0,0,31.6(0.00 %),0,0,0,0,12039296,0.0
14/12/2022,0,0,31.6(0.00 %),0,0,0,0,12039296,0.0
15/12/2022,0,0,31.6(0.00 %),0,0,0,0,12039296,0.0
16/12/2022,0,0,31.6(0.00 %),0,0,0,0,12039296,0.0
19/12/2022,0,0,31.6(0.00 %),0,0,0,0,12039296,0.0
20/12/2022,0,0,31.6(0.00 %),0,0,0,0,12039296,0.0
21/12/2022,0,0,31.6(0.00 %),0,0,0,0,12039296,0.0
22/12/2022,0,0,31.6(0.00 %),0,0,0,0,12039296,0.0
23/12/2022,0,0,31.6(0.00 %),0,0,0,0,12039296,0.0
26/12/2022,0,0,31.6(0.00 %),0,0,0,0,12039296,0.0
27/12/2022,0,0,31.6(0.00 %),0,0,0,0,12039296,0.0
28/12/2022,0,0,19(-39.87 %),0,0,0,0,12039296,0.0
29/12/2022,0,0,16.2(-14.74 %),0,0,0,0,12039296,0.0
30/12/2022,0,0,16.2(0.00 %),0,0,0,0,12039296,0.0
03/01/2023,0,0,14.5(-10.49 %),0,0,0,0,12039296,0.0
04/01/2023,0,0,14.2(0.00 %),0,0,0,0,12039296,0.0
05/01/2023,0,0,16.3(14.79 %),0,0,0,0,12039296,0.0
06/01/2023,0,0,16.3(0.00 %),0,0,0,0,12039296,0.0
09/01/2023,0,0,14.7(-9.82 %),0,0,0,0,12039296,0.0
10/01/2023,0,0,14.7(0.00 %),0,0,0,0,12039296,0.0
11/01/2023,0,0,12.6(-14.29 %),0,0,0,0,12039296,0.0
12/01/2023,0,0,14.7(14.84 %),0,0,0,0,12039296,0.0
13/01/2023,0,0,14.7(0.00 %),0,0,0,0,12039296,0.0
16/01/2023,0,0,12.5(-14.97 %),0,0,0,0,12039296,0.0
17/01/2023,0,0,14.3(14.40 %),0,0,0,0,12039296,0.0
18/01/2023,0,0,15.9(11.19 %),0,0,0,0,12039296,0.0
19/01/2023,0,0,14.2(-11.80 %),0,0,0,0,12039296,0.0
27/01/2023,0,0,14.2(0.00 %),0,0,0,0,12039296,0.0
30/01/2023,0,0,16.3(14.79 %),0,0,0,0,12039296,0.0
31/01/2023,0,0,18.6(14.81 %),0,0,0,0,12039296,0.0
01/02/2023,0,0,21.2(13.98 %),0,0,0,0,12039296,0.0
02/02/2023,0,0,24.1(13.68 %),0,0,0,0,12039296,0.0
03/02/2023,0,0,27.4(13.69 %),0,0,0,0,12039296,0.0
06/02/2023,0,0,27.4(0.00 %),0,0,0,0,12039296,0.0
07/02/2023,0,0,27.4(0.00 %),0,0,0,0,12039296,0.0
08/02/2023,0,0,27.4(0.00 %),0,0,0,0,12039296,0.0
09/02/2023,0,0,23.3(-14.96 %),0,0,0,0,12039296,0.0
10/02/2023,0,0,23.3(0.00 %),0,0,0,0,12039296,0.0
13/02/2023,0,0,19.9(-14.59 %),0,0,0,0,12039296,0.0
14/02/2023,0,0,17(-14.57 %),0,0,0,0,12039296,0.0
15/02/2023,0,0,17(0.00 %),0,0,0,0,12039296,0.0
16/02/2023,0,0,19.4(14.12 %),0,0,0,0,12039296,0.0
17/02/2023,0,0,19.4(0.00 %),0,0,0,0,12039296,0.0
20/02/2023,0,0,22.2(0.00 %),0,0,0,0,12039296,0.0
21/02/2023,0,0,22.2(0.00 %),0,0,0,0,12039296,0.0
22/02/2023,0,0,22.2(0.00 %),0,0,0,0,12039296,0.0
23/02/2023,0,0,22.2(0.00 %),0,0,0,0,12039296,0.0
24/02/2023,0,0,22.2(0.00 %),0,0,0,0,12039296,0.0
27/02/2023,0,0,22.2(0.00 %),0,0,0,0,12039296,0.0
28/02/2023,0,0,22.2(0.00 %),0,0,0,0,12039296,0.0
01/03/2023,0,0,22.2(0.00 %),0,0,0,0,12039296,0.0
02/03/2023,0,0,22.2(0.00 %),0,0,0,0,12039296,0.0
03/03/2023,0,0,18.9(-14.86 %),0,0,0,0,12039296,0.0
06/03/2023,0,0,21.1(11.64 %),0,0,0,0,12039296,0.0
07/03/2023,0,0,18(-14.69 %),0,0,0,0,12039296,0.0
08/03/2023,0,0,18.5(0.00 %),0,0,0,0,12039296,0.0
09/03/2023,0,0,21.1(14.05 %),0,0,0,0,12039296,0.0
10/03/2023,0,0,18(-14.69 %),0,0,0,0,12039296,0.0
13/03/2023,0,0,17(-5.56 %),0,0,0,0,12039296,0.0
14/03/2023,0,0,17(0.00 %),0,0,0,0,12039296,0.0
15/03/2023,0,0,14.7(-13.53 %),0,0,0,0,12039296,0.0
16/03/2023,0,0,16.9(14.97 %),0,0,0,0,12039296,0.0
17/03/2023,0,0,16.9(0.00 %),0,0,0,0,12039296,0.0
20/03/2023,0,0,16.9(0.00 %),0,0,0,0,12039296,0.0
21/03/2023,0,0,15.1(-10.65 %),0,0,0,0,12039296,0.0
22/03/2023,0,0,15.1(0.00 %),0,0,0,0,12039296,0.0
23/03/2023,0,0,17.3(14.57 %),0,0,0,0,12039296,0.0
24/03/2023,0,0,19.8(14.45 %),0,0,0,0,12039296,0.0
27/03/2023,0,0,16.9(-14.65 %),0,0,0,0,12039296,0.0
28/03/2023,0,0,19.3(14.20 %),0,0,0,0,12039296,0.0
29/03/2023,0,0,19.3(0.00 %),0,0,0,0,12039296,0.0
30/03/2023,0,0,19.3(0.00 %),0,0,0,0,12039296,0.0
31/03/2023,0,0,19.3(0.00 %),0,0,0,0,12039296,0.0
03/04/2023,0,0,20.9(8.29 %),0,0,0,0,12039296,0.0
04/04/2023,0,0,17.8(-14.83 %),0,0,0,0,12039296,0.0
05/04/2023,0,0,17.8(0.00 %),0,0,0,0,12039296,0.0
06/04/2023,0,0,16.5(-7.30 %),0,0,0,0,12039296,0.0
07/04/2023,0,0,16.5(0.00 %),0,0,0,0,12039296,0.0
10/04/2023,0,0,16.5(0.00 %),0,0,0,0,12039296,0.0
11/04/2023,0,0,16.5(0.00 %),0,0,0,0,12039296,0.0
12/04/2023,0,0,16.5(0.00 %),0,0,0,0,12039296,0.0
13/04/2023,0,0,14.8(-10.30 %),0,0,0,0,12039296,0.0
14/04/2023,0,0,14.8(0.00 %),0,0,0,0,12039296,0.0
17/04/2023,0,0,16(8.11 %),0,0,0,0,12039296,0.0
18/04/2023,0,0,16(0.00 %),0,0,0,0,12039296,0.0
19/04/2023,0,0,18.3(14.37 %),0,0,0,0,12039296,0.0
20/04/2023,0,0,15.9(-13.11 %),0,0,0,0,12039296,0.0
21/04/2023,0,0,15.9(0.00 %),0,0,0,0,12039296,0.0
24/04/2023,0,0,15.9(0.00 %),0,0,0,0,12039296,0.0
25/04/2023,0,0,15.9(0.00 %),0,0,0,0,12039296,0.0
26/04/2023,0,0,15.9(0.00 %),0,0,0,0,12039296,0.0
27/04/2023,0,0,13.6(-14.47 %),0,0,0,0,12039296,0.0
28/04/2023,0,0,15.8(14.49 %),0,0,0,0,12039296,0.0
04/05/2023,0,0,15.8(0.00 %),0,0,0,0,12039296,0.0
05/05/2023,0,0,17.8(12.66 %),0,0,0,0,12039296,0.0
08/05/2023,0,0,17.8(0.00 %),0,0,0,0,12039296,0.0
09/05/2023,0,0,17.8(0.00 %),0,0,0,0,12039296,0.0
10/05/2023,0,0,17.8(0.00 %),0,0,0,0,12039296,0.0
11/05/2023,0,0,17.7(0.00 %),0,0,0,0,12039296,0.0
12/05/2023,0,0,16.2(-8.47 %),0,0,0,0,12039296,0.0
15/05/2023,0,0,16.2(0.00 %),0,0,0,0,12039296,0.0
16/05/2023,0,0,16.2(0.00 %),0,0,0,0,12039296,0.0
17/05/2023,0,0,17.9(10.49 %),0,0,0,0,12039296,0.0
18/05/2023,0,0,18(0.56 %),0,0,0,0,12039296,0.0
19/05/2023,0,0,18(0.00 %),0,0,0,0,12039296,0.0
22/05/2023,0,0,18(0.00 %),0,0,0,0,12039296,0.0
23/05/2023,0,0,16.6(-7.78 %),0,0,0,0,12039296,0.0
24/05/2023,0,0,16.6(0.00 %),0,0,0,0,12039296,0.0
25/05/2023,0,0,16.6(0.00 %),0,0,0,0,12039296,0.0
26/05/2023,0,0,16.6(0.00 %),0,0,0,0,12039296,0.0
29/05/2023,0,0,16.6(0.00 %),0,0,0,0,12039296,0.0
30/05/2023,0,0,16.6(0.00 %),0,0,0,0,12039296,0.0
31/05/2023,0,0,16.6(0.00 %),0,0,0,0,12039296,0.0
01/06/2023,0,0,16.6(0.00 %),0,0,0,0,12039296,0.0
02/06/2023,0,0,16.6(0.00 %),0,0,0,0,12039296,0.0
05/06/2023,0,0,15.2(-8.43 %),0,0,0,0,12039296,0.0
06/06/2023,0,0,15.2(2.70 %),0,0,0,0,12039296,0.0
07/06/2023,0,0,15.2(0.00 %),0,0,0,0,12039296,0.0
08/06/2023,0,0,15.2(0.00 %),0,0,0,0,12039296,0.0
09/06/2023,0,0,14.5(-4.61 %),0,0,0,0,12039296,0.0
12/06/2023,0,0,16.6(14.48 %),0,0,0,0,12039296,0.0
13/06/2023,0,0,18.9(13.86 %),0,0,0,0,12039296,0.0
14/06/2023,0,0,21.7(14.81 %),0,0,0,0,12039296,0.0
15/06/2023,0,0,18.5(-14.75 %),0,0,0,0,12039296,0.0
16/06/2023,0,0,20.6(0.00 %),0,0,0,0,12039296,0.0
19/06/2023,0,0,20.6(0.00 %),0,0,0,0,12039296,0.0
20/06/2023,0,0,20.6(0.00 %),0,0,0,0,12039296,0.0
21/06/2023,0,0,22.5(9.22 %),0,0,0,0,12039296,0.0
22/06/2023,0,0,19.2(-14.67 %),0,0,0,0,12039296,0.0
23/06/2023,0,0,19.2(0.00 %),0,0,0,0,12039296,0.0
26/06/2023,0,0,18.5(-3.65 %),0,0,0,0,12039296,0.0
27/06/2023,0,0,17.5(0.00 %),0,0,0,0,12039296,0.0
28/06/2023,0,0,17.5(0.00 %),0,0,0,0,12039296,0.0
29/06/2023,0,0,17.5(0.00 %),0,0,0,0,12039296,0.0
30/06/2023,0,0,15(-14.29 %),0,0,0,0,12039296,0.0
03/07/2023,0,0,15.2(0.00 %),0,0,0,0,12039296,0.0
04/07/2023,0,0,15.2(0.00 %),0,0,0,0,12039296,0.0
05/07/2023,0,0,15.2(0.00 %),0,0,0,0,12039296,0.0
06/07/2023,0,0,17.3(13.82 %),0,0,0,0,12039296,0.0
07/07/2023,0,0,19.4(12.14 %),0,0,0,0,12039296,0.0
10/07/2023,0,0,18.6(-4.12 %),0,0,0,0,12039296,0.0
11/07/2023,0,0,18.6(0.00 %),0,0,0,0,12039296,0.0
12/07/2023,0,0,18.6(0.00 %),0,0,0,0,12039296,0.0
13/07/2023,0,0,18.6(0.00 %),0,0,0,0,12039296,0.0
14/07/2023,0,0,18.6(0.00 %),0,0,0,0,12039296,0.0
17/07/2023,0,0,18.9(1.61 %),0,0,0,0,12039296,0.0
18/07/2023,0,0,21.7(14.81 %),0,0,0,0,12039296,0.0
19/07/2023,0,0,18.5(-14.75 %),0,0,0,0,12039296,0.0
20/07/2023,0,0,18.5(0.00 %),0,0,0,0,12039296,0.0
21/07/2023,0,0,18.5(0.00 %),0,0,0,0,12039296,0.0
24/07/2023,0,0,18.5(0.00 %),0,0,0,0,12039296,0.0
25/07/2023,0,0,20.4(10.27 %),0,0,0,0,12039296,0.0
26/07/2023,0,0,20.4(0.00 %),0,0,0,0,12039296,0.0
27/07/2023,0,0,20.4(0.00 %),0,0,0,0,12039296,0.0
28/07/2023,0,0,20.4(0.00 %),0,0,0,0,12039296,0.0
31/07/2023,0,0,23(12.75 %),0,0,0,0,12039296,0.0
01/08/2023,0,0,0(0.00 %),0,0,0,0,12039296,0.0
02/08/2023,0,0,0(0.00 %),0,0,0,0,12039296,0.0
03/08/2023,300,7710000,25.7(14.73 %),300,7710000,0,0,12038996,0.0
04/08/2023,0,0,25.7(0.00 %),0,0,0,0,12038996,0.0
07/08/2023,0,0,28.1(0.00 %),0,0,0,0,12038996,0.0
08/08/2023,0,0,32.3(14.95 %),0,0,0,0,12038996,0.0
09/08/2023,0,0,32.3(0.00 %),0,0,0,0,12038996,0.0
10/08/2023,0,0,32.3(0.00 %),0,0,0,0,12038996,0.0
11/08/2023,0,0,32.3(0.00 %),0,0,0,0,12038996,0.0
14/08/2023,0,0,32.3(0.00 %),0,0,0,0,12038996,0.0
15/08/2023,0,0,32(-0.93 %),0,0,0,0,12038996,0.0
16/08/2023,0,0,32(0.00 %),0,0,0,0,12038996,0.0
17/08/2023,0,0,32(0.00 %),0,0,0,0,12038996,0.0
18/08/2023,0,0,32(0.00 %),0,0,0,0,12038996,0.0
21/08/2023,0,0,30.4(-5.00 %),0,0,0,0,12038996,0.0
22/08/2023,0,0,27.6(0.00 %),0,0,0,0,12038996,0.0
23/08/2023,0,0,27.6(0.00 %),0,0,0,0,12038996,0.0
24/08/2023,0,0,27.6(0.00 %),0,0,0,0,12038996,0.0
25/08/2023,0,0,27.6(0.00 %),0,0,0,0,12038996,0.0
28/08/2023,0,0,27.6(0.00 %),0,0,0,0,12038996,0.0
29/08/2023,0,0,27.6(0.00 %),0,0,0,0,13242884,0.0
30/08/2023,0,0,27.6(0.00 %),0,0,0,0,13242884,0.0
31/08/2023,0,0,27.6(0.00 %),0,0,0,0,13242884,0.0
05/09/2023,0,0,30.4(10.14 %),0,0,0,0,13242884,0.0
06/09/2023,0,0,27.6(0.00 %),0,0,0,0,13242884,0.0
07/09/2023,0,0,27.6(0.00 %),0,0,0,0,13242884,0.0
08/09/2023,0,0,27.6(0.00 %),0,0,0,0,13242884,0.0
11/09/2023,0,0,23.4(-0.43 %),0,0,0,0,13242884,0.0
12/09/2023,0,0,23.4(-0.43 %),0,0,0,0,13242884,0.0
13/09/2023,0,0,21.7(0.00 %),0,0,0,0,13242884,0.0
14/09/2023,0,0,21.7(0.00 %),0,0,0,0,13242884,0.0
15/09/2023,0,0,21.7(0.00 %),0,0,0,0,13242884,0.0
18/09/2023,0,0,21.7(0.00 %),0,0,0,0,13242884,0.0
19/09/2023,0,0,21.7(0.00 %),0,0,0,0,13242884,0.0
20/09/2023,0,0,18.5(-14.75 %),0,0,0,0,13242884,0.0
21/09/2023,0,0,18.5(0.00 %),0,0,0,0,13242884,0.0
22/09/2023,0,0,18.5(0.00 %),0,0,0,0,13242884,0.0
25/09/2023,0,0,18(-2.70 %),0,0,0,0,13242884,0.0
26/09/2023,0,0,18.4(0.00 %),0,0,0,0,13242884,0.0
27/09/2023,0,0,18.4(0.00 %),0,0,0,0,13242884,0.0
28/09/2023,0,0,18.4(0.00 %),0,0,0,0,13242884,0.0
29/09/2023,0,0,16.1(-12.50 %),0,0,0,0,13242884,0.0
02/10/2023,0,0,16.1(0.00 %),0,0,0,0,13242884,0.0
03/10/2023,0,0,16.1(0.00 %),0,0,0,0,13242884,0.0
04/10/2023,0,0,16.1(0.00 %),0,0,0,0,13242884,0.0
05/10/2023,0,0,16.1(0.00 %),0,0,0,0,13242884,0.0
06/10/2023,0,0,16.1(0.00 %),0,0,0,0,13242884,0.0
09/10/2023,0,0,16.1(0.00 %),0,0,0,0,13242884,0.0
10/10/2023,0,0,18.5(14.91 %),0,0,0,0,13242884,0.0
11/10/2023,0,0,18.5(0.00 %),0,0,0,0,13242884,0.0
12/10/2023,0,0,18.5(0.00 %),0,0,0,0,13242884,0.0
13/10/2023,0,0,18.5(0.00 %),0,0,0,0,13242884,0.0
16/10/2023,0,0,18.5(0.00 %),0,0,0,0,13242884,0.0
17/10/2023,0,0,18.5(0.00 %),0,0,0,0,13242884,0.0
18/10/2023,0,0,18.5(0.00 %),0,0,0,0,13242884,0.0
19/10/2023,0,0,18.5(0.00 %),0,0,0,0,13242884,0.0
20/10/2023,0,0,18.5(0.00 %),0,0,0,0,13242884,0.0
23/10/2023,0,0,18.5(0.00 %),0,0,0,0,13242884,0.0
24/10/2023,0,0,18.5(0.00 %),0,0,0,0,13242884,0.0
25/10/2023,0,0,18.5(0.00 %),0,0,0,0,13242884,0.0
26/10/2023,0,0,18.5(0.00 %),0,0,0,0,13242884,0.0
27/10/2023,0,0,18.5(0.00 %),0,0,0,0,13242884,0.0
30/10/2023,0,0,18.5(0.00 %),0,0,0,0,13242884,0.0
31/10/2023,0,0,18.5(0.00 %),0,0,0,0,13242884,0.0
01/11/2023,0,0,18.5(0.00 %),0,0,0,0,13242884,0.0
02/11/2023,0,0,18.5(0.00 %),0,0,0,0,13242884,0.0
03/11/2023,0,0,21.2(14.59 %),0,0,0,0,13242884,0.0
06/11/2023,0,0,21.2(0.00 %),0,0,0,0,13242884,0.0
07/11/2023,0,0,21.2(0.00 %),0,0,0,0,13242884,0.0
08/11/2023,0,0,21.2(0.00 %),0,0,0,0,13242884,0.0
09/11/2023,0,0,21.2(0.00 %),0,0,0,0,13242884,0.0
10/11/2023,0,0,21.2(0.00 %),0,0,0,0,13242884,0.0
13/11/2023,0,0,21.2(0.00 %),0,0,0,0,13242884,0.0
14/11/2023,0,0,21.2(0.00 %),0,0,0,0,13242884,0.0
15/11/2023,0,0,21.2(0.00 %),0,0,0,0,13242884,0.0
16/11/2023,0,0,21.2(0.00 %),0,0,0,0,13242884,0.0
17/11/2023,0,0,21.2(0.00 %),0,0,0,0,13242884,0.0
20/11/2023,0,0,21.2(0.00 %),0,0,0,0,13242884,0.0
21/11/2023,0,0,21.2(0.00 %),0,0,0,0,13242884,0.0
22/11/2023,0,0,21.2(0.00 %),0,0,0,0,13242884,0.0
23/11/2023,0,0,21.2(0.00 %),0,0,0,0,13242884,0.0
24/11/2023,0,0,21.2(0.00 %),0,0,0,0,13242884,0.0
27/11/2023,0,0,21.2(0.00 %),0,0,0,0,13242884,0.0
28/11/2023,0,0,21.2(0.00 %),0,0,0,0,13242884,0.0
29/11/2023,-100,-2430000,24.3(14.62 %),0,0,100,2430000,13242984,0.0
30/11/2023,0,0,24.3(0.00 %),0,0,0,0,13242984,0.0
01/12/2023,0,0,24.3(0.00 %),0,0,0,0,13242884,0.0
04/12/2023,0,0,24.3(0.00 %),0,0,0,0,13242884,0.0
05/12/2023,0,0,24.3(0.00 %),0,0,0,0,13242884,0.0
06/12/2023,0,0,24.3(0.00 %),0,0,0,0,13242884,0.0
07/12/2023,0,0,24.3(0.00 %),0,0,0,0,13242884,0.0
08/12/2023,0,0,24.3(0.00 %),0,0,0,0,13242884,0.0
11/12/2023,0,0,24.3(0.00 %),0,0,0,0,13242884,0.0
12/12/2023,0,0,24.3(0.00 %),0,0,0,0,13242884,0.0
13/12/2023,0,0,24.3(0.00 %),0,0,0,0,13242884,0.0
14/12/2023,0,0,24.3(0.00 %),0,0,0,0,13242884,0.0
15/12/2023,0,0,24.3(0.00 %),0,0,0,0,13242884,0.0
18/12/2023,0,0,24.3(0.00 %),0,0,0,0,13242884,0.0
19/12/2023,0,0,24.3(0.00 %),0,0,0,0,13242884,0.0
20/12/2023,0,0,24.3(0.00 %),0,0,0,0,13242984,0.0
21/12/2023,0,0,24.3(0.00 %),0,0,0,0,13242984,0.0
22/12/2023,0,0,24.3(0.00 %),0,0,0,0,13242984,0.0
25/12/2023,0,0,24.3(0.00 %),0,0,0,0,13242984,0.0
26/12/2023,0,0,24.3(0.00 %),0,0,0,0,13242984,0.0
27/12/2023,0,0,24.3(0.00 %),0,0,0,0,13242984,0.0
28/12/2023,0,0,24.3(0.00 %),0,0,0,0,13242984,0.0
29/12/2023,0,0,20.7(-14.81 %),0,0,0,0,13242984,0.0
02/01/2024,0,0,20.7(0.00 %),0,0,0,0,13242984,0.0
03/01/2024,0,0,17.6(-14.98 %),0,0,0,0,13242984,0.0
04/01/2024,0,0,17.6(0.00 %),0,0,0,0,13242984,0.0
05/01/2024,0,0,17.6(0.00 %),0,0,0,0,13242984,0.0
08/01/2024,0,0,16(-9.09 %),0,0,0,0,13242984,0.0
09/01/2024,0,0,18.6(14.81 %),0,0,0,0,13242984,0.0
10/01/2024,0,0,15.7(0.00 %),0,0,0,0,13242984,0.0
11/01/2024,0,0,15.7(0.00 %),0,0,0,0,13242984,0.0
12/01/2024,0,0,18(14.65 %),0,0,0,0,13242984,0.0
15/01/2024,0,0,18(0.00 %),0,0,0,0,13242984,0.0
16/01/2024,0,0,16.4(-8.89 %),0,0,0,0,13242984,0.0
17/01/2024,0,0,16.4(0.00 %),0,0,0,0,13242984,0.0
18/01/2024,0,0,14.2(-13.41 %),0,0,0,0,13242984,0.0
19/01/2024,0,0,14.2(0.00 %),0,0,0,0,13242984,0.0
22/01/2024,0,0,14.2(0.00 %),0,0,0,0,13242984,0.0
23/01/2024,0,0,16.3(14.79 %),0,0,0,0,13242984,0.0
24/01/2024,0,0,18.5(13.50 %),0,0,0,0,13242984,0.0
25/01/2024,0,0,16.2(-12.43 %),0,0,0,0,13242984,0.0
26/01/2024,0,0,16.2(0.00 %),0,0,0,0,13242984,0.0
29/01/2024,0,0,18.6(14.81 %),0,0,0,0,13242984,0.0
30/01/2024,0,0,18.6(0.00 %),0,0,0,0,13242984,0.0
31/01/2024,0,0,18.6(0.00 %),0,0,0,0,13242984,0.0
01/02/2024,0,0,18.6(0.00 %),0,0,0,0,13242984,0.0
02/02/2024,0,0,18.6(0.00 %),0,0,0,0,13242984,0.0
05/02/2024,0,0,18.6(0.00 %),0,0,0,0,13242984,0.0
06/02/2024,0,0,18.6(0.00 %),0,0,0,0,13242984,0.0
07/02/2024,0,0,18.6(0.00 %),0,0,0,0,13242984,0.0
15/02/2024,0,0,18.6(0.00 %),0,0,0,0,13242984,0.0
16/02/2024,0,0,18.6(0.00 %),0,0,0,0,13242984,0.0
19/02/2024,0,0,18.6(0.00 %),0,0,0,0,13242984,0.0
20/02/2024,0,0,18.6(0.00 %),0,0,0,0,13242984,0.0
21/02/2024,0,0,18.6(0.00 %),0,0,0,0,13242984,0.0
22/02/2024,0,0,18.6(0.00 %),0,0,0,0,13242984,0.0
23/02/2024,0,0,18.6(0.00 %),0,0,0,0,13242984,0.0
26/02/2024,0,0,16.6(-10.75 %),0,0,0,0,13242984,0.0
27/02/2024,0,0,16.6(0.00 %),0,0,0,0,13242984,0.0
28/02/2024,0,0,16.6(0.00 %),0,0,0,0,13242984,0.0
29/02/2024,0,0,16.6(0.00 %),0,0,0,0,13242984,0.0
01/03/2024,0,0,16.6(0.00 %),0,0,0,0,13242984,0.0
04/03/2024,0,0,16.6(0.00 %),0,0,0,0,13242984,0.0
05/03/2024,0,0,16.6(0.00 %),0,0,0,0,13242984,0.0
06/03/2024,0,0,16.6(0.00 %),0,0,0,0,13242984,0.0
07/03/2024,0,0,17(2.41 %),0,0,0,0,13242984,0.0
08/03/2024,0,0,17(0.00 %),0,0,0,0,13242984,0.0
11/03/2024,0,0,17(0.00 %),0,0,0,0,13242984,0.0
12/03/2024,0,0,17(0.00 %),0,0,0,0,13242984,0.0
13/03/2024,0,0,19.5(14.71 %),0,0,0,0,13242984,0.0
14/03/2024,0,0,19.5(0.00 %),0,0,0,0,13242984,0.0
15/03/2024,0,0,19.5(0.00 %),0,0,0,0,13242984,0.0
18/03/2024,0,0,22.3(14.36 %),0,0,0,0,13242984,0.0
19/03/2024,0,0,22.3(0.45 %),0,0,0,0,13242984,0.0
20/03/2024,0,0,22.2(0.00 %),0,0,0,0,13242984,0.0
21/03/2024,0,0,22.2(0.00 %),0,0,0,0,13242984,0.0
22/03/2024,0,0,22.2(0.00 %),0,0,0,0,13242984,0.0
25/03/2024,0,0,22.2(0.00 %),0,0,0,0,13242984,0.0
26/03/2024,0,0,22.2(0.00 %),0,0,0,0,13242984,0.0
27/03/2024,0,0,18.9(-14.86 %),0,0,0,0,13242984,0.0
28/03/2024,0,0,18.9(0.00 %),0,0,0,0,13242984,0.0
29/03/2024,0,0,18.9(0.00 %),0,0,0,0,13242984,0.0
01/04/2024,0,0,18.9(0.00 %),0,0,0,0,13242984,0.0
02/04/2024,0,0,18.9(0.00 %),0,0,0,0,13242984,0.0
03/04/2024,0,0,18.9(0.00 %),0,0,0,0,13242984,0.0
04/04/2024,0,0,18.9(0.00 %),0,0,0,0,13242984,0.0
05/04/2024,0,0,18.9(0.00 %),0,0,0,0,13242984,0.0
08/04/2024,0,0,18.9(0.00 %),0,0,0,0,13242984,0.0
09/04/2024,0,0,18.9(0.00 %),0,0,0,0,13242984,0.0
10/04/2024,0,0,18.9(0.00 %),0,0,0,0,13242984,0.0
11/04/2024,0,0,18.9(0.00 %),0,0,0,0,13242984,0.0
12/04/2024,0,0,18.9(0.00 %),0,0,0,0,13242984,0.0
15/04/2024,0,0,18.9(0.00 %),0,0,0,0,13242984,0.0
16/04/2024,0,0,18.9(0.00 %),0,0,0,0,13242984,0.0
17/04/2024,0,0,18.9(0.00 %),0,0,0,0,13242984,0.0
19/04/2024,0,0,18.9(0.00 %),0,0,0,0,13242984,0.0
22/04/2024,0,0,18.9(0.00 %),0,0,0,0,13242984,0.0
23/04/2024,0,0,18.9(0.00 %),0,0,0,0,13242984,0.0
24/04/2024,0,0,18.9(0.00 %),0,0,0,0,13242984,0.0
25/04/2024,0,0,18.9(0.00 %),0,0,0,0,13242984,0.0
26/04/2024,0,0,18.9(0.00 %),0,0,0,0,13242984,0.0
02/05/2024,0,0,18.9(0.00 %),0,0,0,0,13242984,0.0
03/05/2024,0,0,16.3(-13.76 %),0,0,0,0,13242984,0.0
06/05/2024,0,0,16.3(0.00 %),0,0,0,0,13242984,0.0
07/05/2024,0,0,16.3(0.00 %),0,0,0,0,13242984,0.0
08/05/2024,0,0,18.7(14.72 %),0,0,0,0,13242984,0.0
09/05/2024,0,0,21.5(14.97 %),0,0,0,0,13242984,0.0
10/05/2024,0,0,24(11.63 %),0,0,0,0,13242984,0.0
13/05/2024,0,0,24(0.00 %),0,0,0,0,13242984,0.0
14/05/2024,0,0,24(0.00 %),0,0,0,0,13242984,0.0
15/05/2024,0,0,24(0.00 %),0,0,0,0,13242984,0.0
16/05/2024,0,0,24(0.00 %),0,0,0,0,13242984,0.0
17/05/2024,0,0,24(0.00 %),0,0,0,0,13242984,0.0
20/05/2024,0,0,24(0.00 %),0,0,0,0,13242984,0.0
21/05/2024,0,0,20.4(-15.00 %),0,0,0,0,13242984,0.0
22/05/2024,0,0,17.4(-14.71 %),0,0,0,0,13242984,0.0
23/05/2024,0,0,17.4(0.00 %),0,0,0,0,13242984,0.0
24/05/2024,0,0,17.4(0.00 %),0,0,0,0,13242984,0.0
27/05/2024,0,0,17.4(0.00 %),0,0,0,0,13242984,0.0
28/05/2024,0,0,17.4(0.00 %),0,0,0,0,13242984,0.0
29/05/2024,0,0,17.4(0.00 %),0,0,0,0,13242984,0.0
30/05/2024,0,0,16.5(-5.17 %),0,0,0,0,13242984,0.0
31/05/2024,0,0,16.5(0.00 %),0,0,0,0,13242984,0.0
03/06/2024,0,0,16.5(0.00 %),0,0,0,0,13242984,0.0
04/06/2024,0,0,16.5(0.00 %),0,0,0,0,13242984,0.0
05/06/2024,0,0,16.5(0.00 %),0,0,0,0,13242984,0.0
06/06/2024,0,0,16.5(0.00 %),0,0,0,0,13242984,0.0
07/06/2024,0,0,16.5(0.00 %),0,0,0,0,13242984,0.0
10/06/2024,0,0,16.5(0.00 %),0,0,0,0,13242984,0.0
11/06/2024,0,0,16.5(0.00 %),0,0,0,0,13242984,0.0
12/06/2024,0,0,16.5(0.00 %),0,0,0,0,13242984,0.0
13/06/2024,0,0,17.5(6.06 %),0,0,0,0,13242984,0.0
14/06/2024,0,0,17.5(0.00 %),0,0,0,0,13242984,0.0
17/06/2024,0,0,17.5(0.00 %),0,0,0,0,13242984,0.0
18/06/2024,0,0,17.5(0.00 %),0,0,0,0,13242984,0.0
19/06/2024,0,0,17.5(0.00 %),0,0,0,0,13242984,0.0
20/06/2024,0,0,17.5(0.00 %),0,0,0,0,13242984,0.0
21/06/2024,0,0,17.5(0.00 %),0,0,0,0,13242984,0.0
24/06/2024,0,0,17.5(0.00 %),0,0,0,0,13242984,0.0
25/06/2024,0,0,17.5(0.00 %),0,0,0,0,13242984,0.0
26/06/2024,0,0,17.5(0.00 %),0,0,0,0,13242984,0.0
27/06/2024,0,0,17.5(0.00 %),0,0,0,0,13242984,0.0
28/06/2024,0,0,17.5(0.00 %),0,0,0,0,13242984,0.0
03/07/2024,0,0,17.5(0.00 %),0,0,0,0,13242984,0.0
04/07/2024,0,0,17.5(0.00 %),0,0,0,0,13242984,0.0
05/07/2024,0,0,17.5(0.00 %),0,0,0,0,13242984,0.0
08/07/2024,0,0,17.5(0.00 %),0,0,0,0,13242984,0.0
09/07/2024,0,0,17.5(0.00 %),0,0,0,0,13242984,0.0
10/07/2024,0,0,17.5(0.00 %),0,0,0,0,13242984,0.0
11/07/2024,0,0,17.5(0.00 %),0,0,0,0,13242984,0.0
12/07/2024,0,0,17.5(0.00 %),0,0,0,0,13242984,0.0
15/07/2024,0,0,17.5(0.00 %),0,0,0,0,13242984,0.0
16/07/2024,0,0,17.5(0.00 %),0,0,0,0,13242984,0.0
17/07/2024,0,0,17.5(0.00 %),0,0,0,0,13242984,0.0
18/07/2024,0,0,17.5(0.00 %),0,0,0,0,13242984,0.0
19/07/2024,0,0,17.5(0.00 %),0,0,0,0,13242984,0.0
22/07/2024,0,0,17.5(0.00 %),0,0,0,0,13242984,0.0
23/07/2024,0,0,17.5(0.00 %),0,0,0,0,13242984,0.0
24/07/2024,0,0,17.5(0.00 %),0,0,0,0,13242984,0.0
25/07/2024,0,0,17.5(0.00 %),0,0,0,0,13242984,0.0
26/07/2024,0,0,17.5(0.00 %),0,0,0,0,13242984,0.0
29/07/2024,0,0,17.5(0.00 %),0,0,0,0,13242984,0.0
30/07/2024,0,0,17.5(0.00 %),0,0,0,0,13242984,0.0
31/07/2024,0,0,17.5(0.00 %),0,0,0,0,13242984,0.0
01/08/2024,0,0,17.5(0.00 %),0,0,0,0,13242984,0.0
02/08/2024,0,0,17.5(0.00 %),0,0,0,0,13242984,0.0
05/08/2024,0,0,17.5(0.00 %),0,0,0,0,13242984,0.0
06/08/2024,0,0,15.5(-11.43 %),0,0,0,0,13242984,0.0
07/08/2024,0,0,15.5(0.00 %),0,0,0,0,13242984,0.0
08/08/2024,0,0,15.5(0.00 %),0,0,0,0,13242984,0.0
09/08/2024,0,0,15.5(0.00 %),0,0,0,0,13242984,0.0
12/08/2024,0,0,15.5(0.00 %),0,0,0,0,13242984,0.0
13/08/2024,0,0,15.5(0.00 %),0,0,0,0,13242984,0.0
14/08/2024,0,0,15.5(0.00 %),0,0,0,0,13242984,0.0
15/08/2024,0,0,15.5(0.00 %),0,0,0,0,13242984,0.0
16/08/2024,0,0,15.5(0.00 %),0,0,0,0,13242984,0.0
19/08/2024,0,0,15.5(0.00 %),0,0,0,0,13242984,0.0
20/08/2024,0,0,15.5(0.00 %),0,0,0,0,13242984,0.0
21/08/2024,0,0,15.5(0.00 %),0,0,0,0,13242984,0.0
22/08/2024,0,0,15.5(0.00 %),0,0,0,0,13242984,0.0
23/08/2024,0,0,15.5(0.00 %),0,0,0,0,13242984,0.0
26/08/2024,0,0,15.5(0.00 %),0,0,0,0,13242984,0.0
27/08/2024,0,0,15.5(0.00 %),0,0,0,0,13242984,0.0
28/08/2024,0,0,15.5(0.00 %),0,0,0,0,13242984,0.0
29/08/2024,0,0,15.5(0.00 %),0,0,0,0,13242984,0.0
30/08/2024,0,0,15.5(0.00 %),0,0,0,0,13242984,0.0
04/09/2024,0,0,15.5(0.00 %),0,0,0,0,13242984,0.0
05/09/2024,0,0,15.5(0.00 %),0,0,0,0,13242984,0.0
06/09/2024,0,0,15.5(0.00 %),0,0,0,0,13242984,0.0
09/09/2024,0,0,15.5(0.00 %),0,0,0,0,13242984,0.0
10/09/2024,0,0,15.5(0.00 %),0,0,0,0,13242984,0.0
11/09/2024,0,0,15.5(0.00 %),0,0,0,0,13242984,0.0
12/09/2024,0,0,15.5(0.00 %),0,0,0,0,13242984,0.0
13/09/2024,0,0,15.5(0.00 %),0,0,0,0,13242984,0.0
16/09/2024,0,0,15.5(0.00 %),0,0,0,0,13242984,0.0
17/09/2024,0,0,15.5(0.00 %),0,0,0,0,13242984,0.0
18/09/2024,0,0,15.5(0.00 %),0,0,0,0,13242984,0.0
19/09/2024,0,0,15.5(0.00 %),0,0,0,0,13242984,0.0
20/09/2024,0,0,15.5(0.00 %),0,0,0,0,13242984,0.0
23/09/2024,0,0,15.5(0.00 %),0,0,0,0,13242984,0.0
24/09/2024,0,0,15.5(0.00 %),0,0,0,0,13242984,0.0
25/09/2024,0,0,15.5(0.00 %),0,0,0,0,13242984,0.0
26/09/2024,0,0,15.5(0.00 %),0,0,0,0,13242984,0.0
27/09/2024,0,0,15.5(0.00 %),0,0,0,0,13242984,0.0
30/09/2024,0,0,15.5(0.00 %),0,0,0,0,13242984,0.0
01/10/2024,0,0,13.3(-14.19 %),0,0,0,0,13242984,0.0
02/10/2024,0,0,13.3(0.00 %),0,0,0,0,13242984,0.0
03/10/2024,0,0,11.4(-14.29 %),0,0,0,0,13242984,0.0
04/10/2024,0,0,11.4(0.00 %),0,0,0,0,13242984,0.0
07/10/2024,0,0,13.1(14.91 %),0,0,0,0,13242984,0.0
08/10/2024,0,0,13.1(0.00 %),0,0,0,0,13242984,0.0
09/10/2024,0,0,15(14.50 %),0,0,0,0,13242984,0.0
10/10/2024,0,0,15(0.00 %),0,0,0,0,13242984,0.0
11/10/2024,0,0,12.9(-14.57 %),0,0,0,0,13242984,0.0
14/10/2024,0,0,14(8.53 %),0,0,0,0,13242984,0.0
15/10/2024,0,0,14.5(5.84 %),0,0,0,0,13242984,0.0
16/10/2024,0,0,15.4(6.94 %),0,0,0,0,13242984,0.0
17/10/2024,0,0,13.7(-11.04 %),0,0,0,0,13242984,0.0
18/10/2024,0,0,13.9(1.46 %),0,0,0,0,13242984,0.0
21/10/2024,0,0,15.4(10.00 %),0,0,0,0,13242984,0.0
22/10/2024,0,0,17.8(14.84 %),0,0,0,0,13242984,0.0
23/10/2024,0,0,15(-9.64 %),0,0,0,0,13242984,0.0
24/10/2024,0,0,15.5(6.90 %),0,0,0,0,13242984,0.0
25/10/2024,0,0,15.5(0.00 %),0,0,0,0,13242984,0.0
28/10/2024,0,0,15.5(0.00 %),0,0,0,0,13242984,0.0
29/10/2024,0,0,13.5(-8.16 %),0,0,0,0,13242984,0.0
30/10/2024,0,0,14.6(6.57 %),0,0,0,0,13242984,0.0
31/10/2024,0,0,14.6(0.00 %),0,0,0,0,13242984,0.0
01/11/2024,0,0,12.5(-14.38 %),0,0,0,0,13242984,0.0
04/11/2024,0,0,12.5(0.00 %),0,0,0,0,13242984,0.0
05/11/2024,0,0,14.3(14.40 %),0,0,0,0,13242984,0.0
06/11/2024,0,0,14(-2.10 %),0,0,0,0,13242984,0.0
07/11/2024,0,0,14(0.00 %),0,0,0,0,13242984,0.0
08/11/2024,0,0,12.2(-12.86 %),0,0,0,0,13242984,0.0
11/11/2024,0,0,12.5(2.46 %),0,0,0,0,13242984,0.0
12/11/2024,0,0,12.5(0.00 %),0,0,0,0,13242984,0.0
13/11/2024,0,0,12.5(0.00 %),0,0,0,0,13242984,0.0
14/11/2024,0,0,12.5(0.00 %),0,0,0,0,13242984,0.0
15/11/2024,0,0,13(4.00 %),0,0,0,0,13242984,0.0
18/11/2024,0,0,13(0.00 %),0,0,0,0,13242984,0.0
19/11/2024,0,0,13(0.00 %),0,0,0,0,13242984,0.0
20/11/2024,0,0,12.2(-6.15 %),0,0,0,0,13242984,0.0
21/11/2024,0,0,14.2(14.52 %),0,0,0,0,13242984,0.0
22/11/2024,0,0,14.6(2.82 %),0,0,0,0,13242984,0.0
25/11/2024,0,0,14.6(0.00 %),0,0,0,0,13242984,0.0
26/11/2024,0,0,14.6(0.00 %),0,0,0,0,13242984,0.0
27/11/2024,0,0,14.6(0.00 %),0,0,0,0,13242984,0.0
28/11/2024,0,0,14.6(0.00 %),0,0,0,0,13242984,0.0
29/11/2024,0,0,16.7(14.38 %),0,0,0,0,13242984,0.0
02/12/2024,0,0,0(0.00 %),0,0,0,0,13242984,0.0
03/12/2024,0,0,0(0.00 %),0,0,0,0,13242984,0.0
04/12/2024,0,0,0(0.00 %),0,0,0,0,13242984,0.0
05/12/2024,0,0,0(0.00 %),0,0,0,0,13242984,0.0
09/12/2024,0,0,13(0.00 %),0,0,0,0,13242984,0.0
10/12/2024,0,0,11.5(-11.54 %),0,0,0,0,13242984,0.0
16/12/2024,0,0,13.3(0.00 %),0,0,0,0,13242984,0.0
17/12/2024,0,0,13.3(0.00 %),0,0,0,0,13242984,0.0
18/12/2024,0,0,14(5.26 %),0,0,0,0,13242984,0.0
19/12/2024,0,0,14(-2.10 %),0,0,0,0,13242984,0.0
20/12/2024,0,0,14.3(0.00 %),0,0,0,0,13242984,0.0
24/12/2024,0,0,16.4(0.00 %),0,0,0,0,13242984,0.0
25/12/2024,0,0,16.4(0.00 %),0,0,0,0,13242984,0.0
26/12/2024,0,0,16.4(0.00 %),0,0,0,0,13242984,0.0
27/12/2024,0,0,16.4(0.00 %),0,0,0,0,13242984,0.0
30/12/2024,0,0,16.4(0.00 %),0,0,0,0,13242984,0.0
31/12/2024,0,0,14(-14.63 %),0,0,0,0,13242984,0.0
02/01/2025,0,0,16.4(0.00 %),0,0,0,0,13242984,0.0
03/01/2025,0,0,16.4(0.00 %),0,0,0,0,13242984,0.0
06/01/2025,0,0,16.4(0.00 %),0,0,0,0,13242984,0.0
07/01/2025,0,0,16.4(0.00 %),0,0,0,0,13242984,0.0
08/01/2025,0,0,16.4(0.00 %),0,0,0,0,13242984,0.0
09/01/2025,0,0,16.4(0.00 %),0,0,0,0,13242984,0.0
10/01/2025,0,0,16.4(0.00 %),0,0,0,0,13242984,0.0
13/01/2025,0,0,16.4(0.00 %),0,0,0,0,13242984,0.0
14/01/2025,0,0,16.4(0.00 %),0,0,0,0,13242984,0.0
15/01/2025,0,0,14(-14.63 %),0,0,0,0,13242984,0.0
16/01/2025,0,0,16(14.29 %),0,0,0,0,13242984,0.0
17/01/2025,0,0,10.8(-14.96 %),0,0,0,0,13242984,0.0
20/01/2025,0,0,14.5(14.17 %),0,0,0,0,13242984,0.0
21/01/2025,0,0,12.4(-14.48 %),0,0,0,0,13242984,0.0
22/01/2025,0,0,12.4(0.00 %),0,0,0,0,13242984,0.0
23/01/2025,0,0,12.4(0.00 %),0,0,0,0,13242984,0.0
24/01/2025,0,0,12(-3.23 %),0,0,0,0,13242984,0.0
03/02/2025,0,0,0(0.00 %),0,0,0,0,13242984,0.0
04/02/2025,0,0,12(0.00 %),0,0,0,0,13242984,0.0
05/02/2025,0,0,10.6(-11.67 %),0,0,0,0,13242984,0.0
06/02/2025,0,0,10.6(0.00 %),0,0,0,0,13242984,0.0
07/02/2025,0,0,12.1(14.15 %),0,0,0,0,13242984,0.0
10/02/2025,0,0,12.1(0.00 %),0,0,0,0,13242984,0.0
11/02/2025,0,0,12.1(0.00 %),0,0,0,0,13242984,0.0
12/02/2025,0,0,10.5(-13.22 %),0,0,0,0,13242984,0.0
13/02/2025,0,0,10.5(0.00 %),0,0,0,0,13242984,0.0
14/02/2025,0,0,10.8(0.00 %),0,0,0,0,13242984,0.0
17/02/2025,0,0,12(11.11 %),0,0,0,0,13242984,0.0
18/02/2025,0,0,12.2(0.00 %),0,0,0,0,13242984,0.0
19/02/2025,0,0,12.1(-0.82 %),0,0,0,0,13242984,0.0
20/02/2025,0,0,12.1(0.00 %),0,0,0,0,13242984,0.0
21/02/2025,0,0,10.4(-14.05 %),0,0,0,0,13242984,0.0
24/02/2025,0,0,11.9(14.42 %),0,0,0,0,13242984,0.0
25/02/2025,0,0,11.8(0.85 %),0,0,0,0,13242984,0.0
26/02/2025,0,0,11.8(-1.67 %),0,0,0,0,13242984,0.0
27/02/2025,0,0,11.8(0.00 %),0,0,0,0,13242984,0.0
28/02/2025,0,0,11(-6.78 %),0,0,0,0,13242984,0.0
03/03/2025,0,0,11(0.00 %),0,0,0,0,13242984,0.0
04/03/2025,0,0,11.5(4.55 %),0,0,0,0,13242984,0.0
05/03/2025,0,0,12.9(11.21 %),0,0,0,0,13242984,0.0
06/03/2025,0,0,12(-6.98 %),0,0,0,0,13242984,0.0
07/03/2025,-200,-2100000,10.5(-11.76 %),0,0,200,2100000,13242984,0.0
10/03/2025,0,0,10.5(0.00 %),0,0,0,0,13242984,0.0
11/03/2025,0,0,10.5(0.00 %),0,0,0,0,13242984,0.0
12/03/2025,0,0,10.5(0.00 %),0,0,0,0,13243184,0.0
13/03/2025,0,0,10.5(0.00 %),0,0,0,0,13243184,0.0
14/03/2025,0,0,10.8(2.86 %),0,0,0,0,13243184,0.0
17/03/2025,0,0,0(0.00 %),0,0,0,0,13243184,0.0
18/03/2025,0,0,11(1.85 %),0,0,0,0,13243184,0.0
19/03/2025,0,0,11(0.00 %),0,0,0,0,13243184,0.0
20/03/2025,0,0,11(0.00 %),0,0,0,0,13243184,0.0
21/03/2025,0,0,12.2(10.91 %),0,0,0,0,13243184,0.0
24/03/2025,0,0,11.7(-4.10 %),0,0,0,0,13243184,0.0
25/03/2025,0,0,11.7(0.00 %),0,0,0,0,13243184,0.0
26/03/2025,0,0,11.7(0.00 %),0,0,0,0,13243184,0.0
27/03/2025,0,0,11.7(0.00 %),0,0,0,0,13243184,0.0
28/03/2025,0,0,10(-14.53 %),0,0,0,0,13243184,0.0
31/03/2025,0,0,11.5(15.00 %),0,0,0,0,13243184,0.0
01/04/2025,0,0,12(4.35 %),0,0,0,0,13243184,0.0
02/04/2025,0,0,13(3.17 %),0,0,0,0,13243184,0.0
03/04/2025,0,0,13(0.00 %),0,0,0,0,13243184,0.0
04/04/2025,0,0,13(0.00 %),0,0,0,0,13243184,0.0
08/04/2025,0,0,13(0.00 %),0,0,0,0,13243184,0.0
09/04/2025,0,0,11.1(-14.62 %),0,0,0,0,13243184,0.0
10/04/2025,0,0,12.7(14.41 %),0,0,0,0,13243184,0.0
11/04/2025,0,0,12.7(0.00 %),0,0,0,0,13243184,0.0
14/04/2025,0,0,12.8(0.79 %),0,0,0,0,13243184,0.0
15/04/2025,0,0,12.8(0.00 %),0,0,0,0,13243184,0.0
16/04/2025,0,0,12.8(0.00 %),0,0,0,0,13243184,0.0
17/04/2025,0,0,13.5(5.47 %),0,0,0,0,13243184,0.0
18/04/2025,0,0,13.4(0.00 %),0,0,0,0,13243184,0.0
21/04/2025,0,0,13.6(0.00 %),0,0,0,0,13243184,0.0
22/04/2025,0,0,13.6(0.00 %),0,0,0,0,13243184,0.0
23/04/2025,0,0,15.2(11.76 %),0,0,0,0,13243184,0.0
24/04/2025,0,0,15.2(0.00 %),0,0,0,0,13243184,0.0
25/04/2025,0,0,15.2(0.00 %),0,0,0,0,13243184,0.0
28/04/2025,0,0,13(-14.47 %),0,0,0,0,13243184,0.0
29/04/2025,0,0,15.1(14.39 %),0,0,0,0,13243184,0.0
05/05/2025,0,0,15.1(0.00 %),0,0,0,0,13243184,0.0
06/05/2025,0,0,17.1(-1.16 %),0,0,0,0,13243184,0.0
07/05/2025,0,0,17(-0.58 %),0,0,0,0,13243184,0.0
08/05/2025,0,0,17(2.41 %),0,0,0,0,13243184,0.0
09/05/2025,0,0,16.8(0.00 %),0,0,0,0,13243184,0.0
12/05/2025,0,0,17(1.19 %),0,0,0,0,13243184,0.0
13/05/2025,0,0,14.5(-14.71 %),0,0,0,0,13243184,0.0
14/05/2025,0,0,14.5(0.00 %),0,0,0,0,13243184,0.0
15/05/2025,0,0,16.6(14.48 %),0,0,0,0,13243184,0.0
16/05/2025,0,0,18(8.43 %),0,0,0,0,13243184,0.0
19/05/2025,0,0,17.9(0.00 %),0,0,0,0,13243184,0.0
20/05/2025,0,0,20(11.73 %),0,0,0,0,13243184,0.0
21/05/2025,0,0,20(0.00 %),0,0,0,0,13243184,0.0
22/05/2025,0,0,22.9(14.50 %),0,0,0,0,13243184,0.0
23/05/2025,0,0,22.7(-0.44 %),0,0,0,0,13243184,0.0
26/05/2025,0,0,19.4(-14.54 %),0,0,0,0,13243184,0.0
27/05/2025,0,0,20.8(0.00 %),0,0,0,0,13243184,0.0
28/05/2025,0,0,23.8(14.42 %),0,0,0,0,13243184,0.0
29/05/2025,0,0,20.3(-14.71 %),0,0,0,0,13243184,0.0
30/05/2025,0,0,17.3(-14.78 %),0,0,0,0,13243184,0.0
02/06/2025,0,0,17.3(0.00 %),0,0,0,0,13243184,0.0
03/06/2025,0,0,14.8(-14.45 %),0,0,0,0,13243184,0.0
04/06/2025,0,0,14.8(0.00 %),0,0,0,0,13243184,0.0
05/06/2025,0,0,12.6(-14.86 %),0,0,0,0,13243184,0.0
06/06/2025,0,0,12.6(0.00 %),0,0,0,0,13243184,0.0
09/06/2025,0,0,14.4(14.29 %),0,0,0,0,13243184,0.0
10/06/2025,0,0,14.4(14.29 %),0,0,0,0,13243184,0.0
11/06/2025,0,0,16.5(14.58 %),0,0,0,0,13243184,0.0
12/06/2025,0,0,16.5(14.58 %),0,0,0,0,13243184,0.0
13/06/2025,0,0,18.9(14.55 %),0,0,0,0,13243184,0.0
16/06/2025,0,0,19.5(14.71 %),0,0,0,0,13243184,0.0
17/06/2025,0,0,22.4(14.87 %),0,0,0,0,13243184,0.0
18/06/2025,0,0,25.7(14.73 %),0,0,0,0,13243184,0.0
19/06/2025,0,0,22.4(0.00 %),0,0,0,0,13243184,0.0
20/06/2025,0,0,22.4(0.00 %),0,0,0,0,13243184,0.0
23/06/2025,0,0,22.4(0.00 %),0,0,0,0,13243184,0.0
24/06/2025,0,0,22.4(0.00 %),0,0,0,0,13243184,0.0
25/06/2025,0,0,22.4(0.00 %),0,0,0,0,13243184,0.0
26/06/2025,0,0,22.4(0.00 %),0,0,0,0,13243184,0.0
27/06/2025,0,0,22.4(0.00 %),0,0,0,0,13243184,0.0
30/06/2025,0,0,22.4(0.00 %),0,0,0,0,13243184,0.0
01/07/2025,0,0,19.1(-14.73 %),0,0,0,0,13243184,0.0
02/07/2025,0,0,19.1(0.00 %),0,0,0,0,13243184,0.0
03/07/2025,0,0,19.1(0.00 %),0,0,0,0,13243184,0.0
04/07/2025,0,0,19.1(0.00 %),0,0,0,0,13243184,0.0
07/07/2025,0,0,19.1(0.00 %),0,0,0,0,13243184,0.0
08/07/2025,0,0,19.1(0.00 %),0,0,0,0,13243184,0.0
09/07/2025,0,0,19.1(0.00 %),0,0,0,0,13243184,0.0
10/07/2025,0,0,21.9(14.66 %),0,0,0,0,13243184,0.0
11/07/2025,0,0,21.9(0.00 %),0,0,0,0,13243184,0.0
14/07/2025,0,0,21.9(0.00 %),0,0,0,0,13243184,0.0
15/07/2025,0,0,19(-13.24 %),0,0,0,0,13243184,0.0
16/07/2025,0,0,21.5(13.16 %),0,0,0,0,13243184,0.0
17/07/2025,0,0,21(0.00 %),0,0,0,0,13243184,0.0
18/07/2025,0,0,21(0.00 %),0,0,0,0,13243184,0.0
21/07/2025,0,0,21(0.00 %),0,0,0,0,13243184,0.0
22/07/2025,0,0,21(0.00 %),0,0,0,0,13243184,0.0
23/07/2025,0,0,21(0.00 %),0,0,0,0,13243184,0.0
24/07/2025,0,0,21(0.00 %),0,0,0,0,13243184,0.0
25/07/2025,0,0,21(0.00 %),0,0,0,0,13243184,0.0
28/07/2025,0,0,21(0.00 %),0,0,0,0,13243184,0.0
29/07/2025,0,0,21(0.00 %),0,0,0,0,13243184,0.0
30/07/2025,0,0,21(0.00 %),0,0,0,0,13243184,0.0
31/07/2025,0,0,20(-4.76 %),0,0,0,0,13243184,0.0
01/08/2025,0,0,20(0.00 %),0,0,0,0,13243184,0.0
04/08/2025,0,0,20(0.00 %),0,0,0,0,13243184,0.0
05/08/2025,0,0,19(-5.00 %),0,0,0,0,13243184,0.0
06/08/2025,0,0,19(0.00 %),0,0,0,0,13243184,0.0
07/08/2025,0,0,21.5(13.16 %),0,0,0,0,13243184,0.0
08/08/2025,0,0,19(-10.80 %),0,0,0,0,13243184,0.0
11/08/2025,0,0,19(0.00 %),0,0,0,0,13243184,0.0
12/08/2025,0,0,19(0.00 %),0,0,0,0,13243184,0.0
13/08/2025,0,0,19(0.00 %),0,0,0,0,13243184,0.0
14/08/2025,0,0,19(0.00 %),0,0,0,0,13243184,0.0
15/08/2025,0,0,19(0.00 %),0,0,0,0,13243184,0.0
18/08/2025,0,0,19(0.00 %),0,0,0,0,13243184,0.0
19/08/2025,0,0,19(0.00 %),0,0,0,0,13243184,0.0
20/08/2025,0,0,19(0.00 %),0,0,0,0,13243184,0.0
21/08/2025,0,0,19(0.00 %),0,0,0,0,13243184,0.0
22/08/2025,0,0,19(0.00 %),0,0,0,0,13243184,0.0
25/08/2025,0,0,19(0.00 %),0,0,0,0,13243184,0.0
