Ngay,GiaDieuChinh,GiaDongCua,ThayDoi,KhoiLuongKhopLenh,GiaTriKhopLenh,KLThoaThuan,GtThoaThuan,GiaMoCua,GiaCaoNhat,GiaThapNhat
30/05/2023,13.6,13.6,-2.3(-14.47 %),768400,10844390000,0,0,22.2,22.2,10.0
31/05/2023,12.6,12.6,-1.5(-10.64 %),297400,3814580000,0,0,13.8,13.9,12.4
01/06/2023,11.6,11.6,-1.2(-9.37 %),587300,6650210000,0,0,12.6,12.7,10.9
02/06/2023,12.1,12.1,0.8(7.08 %),182337,2181345500,0,0,11.3,12.7,11.3
05/06/2023,12.3,12.3,0.3(2.50 %),330000,4070920000,0,0,12.1,12.9,12.0
06/06/2023,12.3,12.3,0(0.00 %),241500,2914160000,0,0,12.3,12.4,11.9
07/06/2023,12.1,12.1,0(0.00 %),201100,2429520000,0,0,12.3,12.3,12.0
08/06/2023,11.7,11.7,-0.4(-3.31 %),225400,2684350000,0,0,12.0,12.1,11.7
09/06/2023,11.9,11.9,0(0.00 %),105200,1229940000,0,0,11.9,11.9,11.5
12/06/2023,11.9,11.9,0.2(1.71 %),94500,1108550000,0,0,11.7,11.9,11.6
13/06/2023,12.1,12.1,0.4(3.42 %),180805,2146359500,0,0,11.9,12.1,11.7
14/06/2023,12.0,12.0,0.1(0.84 %),173100,2080810000,0,0,12.0,12.2,11.9
15/06/2023,11.9,11.9,-0.1(-0.83 %),53500,635480000,0,0,12.0,12.0,11.8
16/06/2023,11.9,11.9,0(0.00 %),309200,3713700000,0,0,12.0,12.2,11.8
19/06/2023,11.8,11.8,-0.2(-1.67 %),49900,588440000,0,0,11.9,11.9,11.7
20/06/2023,11.8,11.8,0(0.00 %),56860,666458000,0,0,11.9,11.9,11.6
21/06/2023,11.9,11.9,0.2(1.71 %),176339,2084200200,0,0,11.9,11.9,11.7
22/06/2023,12.7,12.7,0.9(7.63 %),486900,6056500000,0,0,11.9,12.9,11.9
23/06/2023,12.6,12.6,0.2(1.61 %),125200,1568550000,0,0,12.8,12.8,12.4
26/06/2023,12.2,12.2,-0.3(-2.40 %),244100,2962400000,95000,1016500000,12.5,12.5,11.9
27/06/2023,12.4,12.4,0.3(2.48 %),184911,2284202500,0,0,12.1,12.6,12.0
28/06/2023,12.2,12.2,-0.2(-1.61 %),202200,2495430000,0,0,12.3,12.6,12.2
29/06/2023,11.7,11.7,-0.6(-4.88 %),253712,3013934700,0,0,12.3,12.4,11.7
30/06/2023,11.9,11.9,0(0.00 %),88700,1047290000,0,0,11.9,11.9,11.7
03/07/2023,11.8,11.8,0(0.00 %),86050,1011450000,0,0,11.8,11.9,11.7
04/07/2023,11.9,11.9,0.1(0.85 %),190900,2258210000,0,0,11.7,12.0,11.6
05/07/2023,11.8,11.8,0(0.00 %),120316,1423690400,0,0,11.8,12.0,11.7
06/07/2023,11.8,11.8,0(0.00 %),111300,1298990000,0,0,11.9,11.9,11.5
07/07/2023,11.7,11.7,0(0.00 %),50208,584043600,0,0,11.7,11.7,11.6
10/07/2023,11.7,11.7,0.1(0.86 %),112500,1310600000,0,0,11.8,11.8,11.6
11/07/2023,11.6,11.6,-0.1(-0.85 %),173402,1996453400,0,0,11.6,11.7,10.0
12/07/2023,11.7,11.7,0.2(1.74 %),122937,1436312900,0,0,11.6,11.8,11.6
13/07/2023,11.7,11.7,0(0.00 %),105600,1233310000,0,0,11.6,11.8,11.6
14/07/2023,11.7,11.7,0(0.00 %),93407,1086681900,0,0,11.7,11.7,11.6
17/07/2023,11.6,11.6,0(0.00 %),126302,1469313400,0,0,11.7,11.8,11.6
18/07/2023,11.9,11.9,0.3(2.59 %),252505,3013239500,0,0,11.6,12.1,11.6
19/07/2023,11.8,11.8,-0.1(-0.84 %),164401,1943671900,0,0,12.0,12.0,11.7
20/07/2023,11.8,11.8,0(0.00 %),111204,1295996800,0,0,11.7,11.8,11.6
21/07/2023,11.7,11.7,0(0.00 %),61601,720661800,0,0,11.7,11.8,11.6
24/07/2023,12.2,12.2,0.5(4.27 %),602740,7230535500,0,0,11.7,12.4,11.7
25/07/2023,12.0,12.0,0(0.00 %),283500,3433310000,0,0,12.2,12.4,12.0
26/07/2023,11.9,11.9,-0.2(-1.65 %),228000,2696960000,0,0,12.0,12.0,11.7
27/07/2023,11.8,11.8,0(0.00 %),180200,2103920000,0,0,11.9,11.9,11.6
28/07/2023,11.8,11.8,0.1(0.85 %),211605,2474341700,0,0,11.7,11.9,11.6
31/07/2023,11.7,11.7,0(0.00 %),147301,1725863400,0,0,11.7,11.9,11.6
02/08/2023,11.8,11.8,0.1(0.85 %),113700,1327350000,0,0,11.7,11.8,11.6
03/08/2023,11.9,11.9,0.2(1.71 %),506200,6087870000,0,0,11.8,12.3,11.8
04/08/2023,11.9,11.9,-0.1(-0.83 %),207100,2454590000,0,0,12.0,12.0,11.7
07/08/2023,13.6,13.6,1.7(14.29 %),1228309,15881712400,0,0,12.0,13.6,12.0
08/08/2023,14.8,14.8,1.9(14.73 %),1054755,15326716000,0,0,14.4,14.8,13.5
09/08/2023,14.3,14.3,-0.2(-1.38 %),719530,10414412400,0,0,15.0,15.3,13.8
10/08/2023,13.6,13.6,-0.9(-6.21 %),577546,7986205600,0,0,14.0,14.4,13.5
11/08/2023,14.0,14.0,0.2(1.45 %),640367,8950412100,0,0,13.8,14.8,13.4
14/08/2023,14.4,14.4,0.4(2.86 %),366727,5268215100,0,0,14.3,14.7,14.1
15/08/2023,13.9,13.9,-0.5(-3.47 %),260703,3648772300,0,0,14.4,14.5,13.8
16/08/2023,14.0,14.0,0(0.00 %),343808,4803417600,0,0,13.9,14.3,13.6
17/08/2023,14.4,14.4,0.4(2.86 %),682546,9939585100,0,0,13.9,15.2,13.9
18/08/2023,13.0,13.0,-1.6(-10.96 %),557120,7628368000,0,0,14.1,14.4,12.7
21/08/2023,13.3,13.3,-0.4(-2.92 %),391291,5205921700,0,0,13.6,13.7,13.0
22/08/2023,13.5,13.5,0.2(1.50 %),383116,5005403600,0,0,13.4,13.6,12.5
23/08/2023,13.3,13.3,0.2(1.53 %),235600,3151600000,0,0,13.5,13.8,13.2
24/08/2023,13.8,13.8,0.4(2.99 %),402172,5404123500,0,0,13.4,13.8,13.1
25/08/2023,13.7,13.7,0.3(2.24 %),317701,4413383800,0,0,13.8,14.3,13.6
28/08/2023,13.9,13.9,0(0.00 %),236193,3222095500,0,0,13.7,13.9,13.5
29/08/2023,13.8,13.8,0.2(1.47 %),183900,2558010000,0,0,14.1,14.2,13.6
30/08/2023,14.5,14.5,0.6(4.32 %),756900,10707880000,0,0,13.8,14.8,13.5
31/08/2023,14.7,14.7,0.6(4.26 %),348452,5072593300,0,0,14.1,14.8,14.1
05/09/2023,14.5,14.5,-0.1(-0.68 %),239333,3492018400,0,0,15.0,15.1,14.4
06/09/2023,16.5,16.5,1.9(13.01 %),6035475,92976214200,0,0,14.6,16.7,14.6
07/09/2023,16.4,16.4,1(6.49 %),411163,6741365100,0,0,16.5,16.9,15.9
08/09/2023,16.4,16.4,0(0.00 %),2391361,38287374500,0,0,16.4,16.4,15.7
11/09/2023,15.2,15.2,-0.8(-5.00 %),1437100,22319870000,0,0,16.0,16.1,15.1
12/09/2023,16.1,16.1,0.6(3.87 %),1443505,22522727000,0,0,15.5,16.1,15.1
13/09/2023,15.6,15.6,0(0.00 %),1031040,16146045400,0,0,16.0,16.2,15.3
14/09/2023,14.9,14.9,-0.8(-5.10 %),1223300,18365700000,0,0,15.3,15.6,14.3
15/09/2023,15.0,15.0,0(0.00 %),540727,7990301500,0,0,15.0,15.2,14.6
18/09/2023,14.0,14.0,-0.8(-5.41 %),834174,11896596200,0,0,15.0,15.0,13.9
19/09/2023,13.9,13.9,-0.4(-2.80 %),665702,9242470500,0,0,14.3,14.3,13.5
20/09/2023,14.4,14.4,0.5(3.60 %),501466,7107447000,0,0,13.9,14.6,13.8
21/09/2023,13.8,13.8,-0.4(-2.82 %),684709,9595698700,0,0,14.3,14.5,13.7
22/09/2023,12.9,12.9,-1.1(-7.86 %),988563,12920704600,0,0,13.6,13.7,12.7
25/09/2023,11.9,11.9,-1.2(-9.16 %),777018,9530160200,0,0,12.9,12.9,11.6
26/09/2023,11.9,11.9,-0.4(-3.25 %),678665,8233333000,0,0,11.7,12.7,11.7
27/09/2023,12.2,12.2,0.1(0.83 %),673054,7986181200,3775,38882500,11.7,12.3,11.6
28/09/2023,11.9,11.9,0(0.00 %),448460,5320837000,3925,40035000,12.4,12.4,11.7
29/09/2023,11.9,11.9,0(0.00 %),326200,3887508500,0,0,11.9,12.1,11.7
02/10/2023,12.0,12.0,0.1(0.84 %),409150,4880410000,0,0,11.9,12.1,11.8
03/10/2023,10.8,10.8,-1.1(-9.24 %),781752,8725477100,0,0,11.9,11.9,10.6
04/10/2023,11.0,11.0,-0.2(-1.79 %),436900,4752298700,0,0,10.5,11.3,10.5
05/10/2023,10.6,10.6,-0.3(-2.75 %),359368,3853643400,0,0,11.0,11.0,10.3
06/10/2023,10.7,10.7,0(0.00 %),466714,4915865600,0,0,10.3,10.7,10.3
09/10/2023,10.8,10.8,0.3(2.86 %),252501,2683280600,0,0,10.4,10.8,10.4
10/10/2023,10.9,10.9,0.3(2.83 %),651814,7155158800,0,0,10.7,11.1,10.7
11/10/2023,11.1,11.1,0.1(0.91 %),243200,2668610000,0,0,11.0,11.1,10.8
12/10/2023,11.1,11.1,0.1(0.91 %),291623,3266976100,0,0,11.1,11.4,11.0
13/10/2023,10.9,10.9,-0.3(-2.68 %),378200,4108750000,0,0,11.1,11.1,10.7
16/10/2023,10.6,10.6,-0.3(-2.75 %),236711,2537118900,0,0,10.9,10.9,10.6
17/10/2023,10.4,10.4,-0.3(-2.80 %),369023,3910525500,0,0,10.5,10.8,10.4
18/10/2023,10.1,10.1,-0.5(-4.72 %),528424,5386047600,0,0,10.6,10.6,9.7
19/10/2023,9.7,9.7,-0.5(-4.90 %),269700,2668510000,0,0,10.2,10.2,9.7
20/10/2023,9.8,9.8,-0.1(-1.01 %),557237,5309743300,0,0,9.8,9.9,9.2
23/10/2023,9.6,9.6,0.1(1.05 %),154861,1486082800,0,0,9.8,9.8,9.5
24/10/2023,9.7,9.7,0.1(1.04 %),124800,1195820000,0,0,9.7,9.7,9.5
25/10/2023,9.7,9.7,0.1(1.04 %),248800,2415820000,0,0,9.7,9.8,9.6
26/10/2023,8.6,8.6,-1.1(-11.34 %),529231,4655917600,0,0,9.6,9.6,8.3
27/10/2023,8.7,8.7,-0.1(-1.14 %),385940,3297864000,0,0,8.6,8.8,8.3
30/10/2023,8.4,8.4,-0.1(-1.18 %),207900,1766990000,0,0,8.5,8.7,8.3
31/10/2023,8.1,8.1,-0.4(-4.71 %),150508,1244596900,0,0,8.4,8.5,8.0
01/11/2023,8.3,8.3,0(0.00 %),189060,1537310000,0,0,8.3,8.4,7.8
02/11/2023,9.1,9.1,1(12.35 %),402319,3514108000,0,0,8.1,9.2,8.1
03/11/2023,8.7,8.7,0(0.00 %),234711,2060595000,0,0,9.0,9.0,8.6
06/11/2023,8.8,8.8,0(0.00 %),157502,1374267600,0,0,8.7,8.8,8.6
07/11/2023,8.8,8.8,0.1(1.15 %),425195,3757926000,0,0,8.7,9.0,8.7
08/11/2023,9.4,9.4,0.6(6.82 %),383761,3502830700,0,0,8.7,9.4,8.7
09/11/2023,9.6,9.6,0.5(5.49 %),802324,7722326500,0,0,9.4,9.8,9.4
10/11/2023,9.6,9.6,0(0.00 %),376514,3635539700,0,0,9.6,9.9,9.4
13/11/2023,9.7,9.7,0(0.00 %),192437,1852190900,0,0,9.6,9.8,9.5
14/11/2023,9.7,9.7,0.1(1.04 %),210904,2042768400,0,0,9.7,9.8,9.6
15/11/2023,10.0,10.0,0.3(3.09 %),405392,4058639800,0,0,9.9,10.3,9.9
16/11/2023,9.9,9.9,-0.1(-1.00 %),160901,1577589800,0,0,9.9,9.9,9.7
17/11/2023,9.6,9.6,-0.2(-2.04 %),345619,3360948200,0,0,9.9,10.0,9.4
20/11/2023,9.7,9.7,0(0.00 %),445603,4275448500,0,0,9.6,9.8,9.3
21/11/2023,9.8,9.8,0.2(2.08 %),110201,1075729800,0,0,9.7,9.9,9.6
22/11/2023,9.9,9.9,0.1(1.02 %),281425,2743127600,0,0,9.8,10.0,9.6
23/11/2023,9.5,9.5,-0.2(-2.06 %),508873,4890167400,0,0,9.9,9.9,9.4
24/11/2023,9.6,9.6,0(0.00 %),216627,2050984800,0,0,9.5,9.7,9.2
27/11/2023,9.3,9.3,-0.2(-2.11 %),70431,661534400,0,0,9.5,9.6,9.1
28/11/2023,9.3,9.3,-0.1(-1.06 %),93818,868117400,0,0,9.4,9.4,9.1
29/11/2023,9.5,9.5,0.2(2.15 %),91280,859242000,0,0,9.4,9.5,9.3
30/11/2023,9.4,9.4,0(0.00 %),167237,1579361500,0,0,9.5,9.6,9.3
01/12/2023,9.3,9.3,-0.1(-1.06 %),131601,1223689400,0,0,9.4,9.4,9.2
04/12/2023,9.8,9.8,0.5(5.38 %),473035,4585644500,0,0,9.5,9.9,9.3
05/12/2023,10.7,10.7,1(10.31 %),1432922,15265693900,0,0,9.9,11.1,9.9
06/12/2023,10.8,10.8,0.1(0.93 %),260505,2799433800,0,0,11.1,11.1,10.6
07/12/2023,10.8,10.8,0.1(0.93 %),1731111,18672845500,0,0,10.6,11.2,10.4
08/12/2023,10.6,10.6,-0.2(-1.85 %),377246,4063620300,0,0,10.9,11.0,10.6
11/12/2023,10.6,10.6,-0.2(-1.85 %),403584,4241945200,0,0,10.6,10.6,10.4
12/12/2023,10.5,10.5,0(0.00 %),216262,2256584000,0,0,10.6,10.6,10.3
13/12/2023,10.3,10.3,-0.1(-0.96 %),300552,3115286000,0,0,10.5,10.7,10.2
14/12/2023,10.1,10.1,-0.3(-2.88 %),263527,2681992900,0,0,10.4,10.5,10.0
15/12/2023,10.0,10.0,-0.2(-1.96 %),272845,2753332800,0,0,10.0,10.2,10.0
18/12/2023,9.7,9.7,-0.4(-3.96 %),257032,2504141800,0,0,10.0,10.0,9.6
19/12/2023,9.9,9.9,0.2(2.06 %),226718,2215316400,0,0,9.7,9.9,9.7
20/12/2023,9.9,9.9,0.1(1.02 %),110600,1095810000,0,0,10.0,10.0,9.8
21/12/2023,10.0,10.0,0.1(1.01 %),111401,1099470000,0,0,10.0,10.0,9.7
22/12/2023,10.0,10.0,0.1(1.01 %),129437,1288621000,0,0,10.0,10.1,9.9
25/12/2023,10.1,10.1,0.1(1.00 %),89477,895291300,0,0,10.0,10.1,9.9
26/12/2023,10.1,10.1,0.1(1.00 %),147625,1485723000,0,0,10.1,10.2,10.0
27/12/2023,10.2,10.2,0.1(0.99 %),162324,1639404000,0,0,10.1,10.3,10.0
28/12/2023,10.2,10.2,0.1(0.99 %),127524,1301084200,0,0,10.1,10.3,10.1
29/12/2023,10.2,10.2,0(0.00 %),150843,1538719200,0,0,10.2,10.3,10.1
02/01/2024,10.1,10.1,-0.1(-0.98 %),98264,992892800,0,0,10.3,10.3,10.0
03/01/2024,10.1,10.1,0(0.00 %),193829,1941371000,0,0,10.0,10.1,9.9
04/01/2024,10.4,10.4,0.4(4.00 %),492733,5102480200,0,0,10.1,10.6,10.1
05/01/2024,10.3,10.3,-0.1(-0.96 %),132502,1360640600,0,0,10.3,10.4,10.2
08/01/2024,10.5,10.5,0.2(1.94 %),314438,3303328000,0,0,10.4,10.7,10.3
09/01/2024,10.4,10.4,-0.1(-0.95 %),181670,1895650000,0,0,10.5,10.5,10.3
10/01/2024,10.3,10.3,-0.1(-0.96 %),167842,1730448400,0,0,10.4,10.6,10.1
11/01/2024,10.3,10.3,0(0.00 %),199563,2058678900,0,0,10.3,10.5,10.2
12/01/2024,10.1,10.1,-0.2(-1.94 %),249794,2529612800,0,0,10.2,10.3,9.9
15/01/2024,10.0,10.0,-0.1(-0.99 %),451562,4548431400,0,0,10.0,10.2,9.9
16/01/2024,10.1,10.1,0(0.00 %),202425,2016290000,0,0,9.9,10.1,9.8
17/01/2024,10.2,10.2,0.2(2.00 %),216070,2198118000,0,0,10.0,10.3,10.0
18/01/2024,10.1,10.1,-0.1(-0.98 %),151316,1525311600,0,0,10.2,10.2,10.0
19/01/2024,10.1,10.1,0(0.00 %),179200,1805880000,0,0,10.1,10.2,9.9
22/01/2024,10.2,10.2,0.1(0.99 %),239803,2410043700,0,0,9.7,10.2,9.7
23/01/2024,10.2,10.2,0.1(0.99 %),150520,1517844000,0,0,10.2,10.2,10.0
24/01/2024,10.1,10.1,0(0.00 %),138930,1399307000,0,0,10.1,10.2,10.0
25/01/2024,10.0,10.0,-0.1(-0.99 %),74400,745890000,0,0,10.1,10.1,10.0
26/01/2024,10.1,10.1,0.1(1.00 %),31400,316580000,0,0,10.1,10.2,10.0
29/01/2024,10.0,10.0,-0.1(-0.99 %),63508,634221600,0,0,10.1,10.1,9.9
30/01/2024,10.0,10.0,0(0.00 %),96100,955390000,0,0,10.0,10.1,9.8
31/01/2024,10.0,10.0,0.1(1.01 %),102000,1024690000,0,0,9.9,10.2,9.9
01/02/2024,10.0,10.0,0(0.00 %),51000,509850000,0,0,10.0,10.1,9.9
02/02/2024,9.8,9.8,-0.2(-2.00 %),125200,1244270000,0,0,9.9,10.1,9.8
05/02/2024,9.9,9.9,0(0.00 %),149300,1478130000,0,0,9.9,10.0,9.8
06/02/2024,10.0,10.0,0.1(1.01 %),61718,617738200,0,0,10.0,10.1,9.9
07/02/2024,10.0,10.0,0(0.00 %),67600,675070000,0,0,9.9,10.1,9.9
15/02/2024,10.1,10.1,0.1(1.00 %),169206,1702470600,0,0,10.1,10.1,9.9
16/02/2024,10.1,10.1,0(0.00 %),131500,1324940000,0,0,10.1,10.2,10.0
19/02/2024,10.1,10.1,0(0.00 %),195401,1953130100,0,0,10.1,10.1,9.9
20/02/2024,10.3,10.3,0.3(3.00 %),272507,2775150000,0,0,10.1,10.3,10.1
21/02/2024,10.3,10.3,0.1(0.98 %),355597,3674639100,0,0,10.3,10.5,10.2
22/02/2024,10.8,10.8,0.5(4.85 %),963048,10354750900,0,0,10.3,11.1,10.3
23/02/2024,10.4,10.4,-0.4(-3.70 %),638405,6722943500,0,0,10.8,10.9,10.4
26/02/2024,10.9,10.9,0.4(3.81 %),536629,5661487200,0,0,10.4,10.9,10.3
27/02/2024,11.0,11.0,0.4(3.77 %),757223,8335196800,0,0,10.9,11.1,10.6
28/02/2024,10.9,10.9,-0.1(-0.91 %),526008,5772890200,0,0,11.1,11.2,10.8
29/02/2024,10.8,10.8,-0.2(-1.82 %),339000,3681552300,0,0,10.9,11.1,10.7
01/03/2024,11.3,11.3,0.4(3.67 %),922855,10389830200,0,0,10.9,11.4,10.8
04/03/2024,11.2,11.2,-0.1(-0.88 %),510947,5761407000,0,0,11.5,11.5,11.1
05/03/2024,11.0,11.0,-0.3(-2.65 %),473659,5189222000,0,0,11.0,11.2,10.5
06/03/2024,11.1,11.1,0.1(0.91 %),441049,4795824900,0,0,10.9,11.1,10.7
07/03/2024,11.5,11.5,0.6(5.50 %),889398,10064262400,0,0,11.0,11.5,10.9
08/03/2024,11.4,11.4,0.1(0.88 %),686079,7859484900,0,0,11.5,11.7,11.2
11/03/2024,11.0,11.0,-0.5(-4.35 %),374977,4192372900,0,0,11.3,11.5,10.9
12/03/2024,11.0,11.0,-0.2(-1.79 %),244606,2694977000,0,0,11.0,11.1,10.9
13/03/2024,11.4,11.4,0.4(3.64 %),507500,5683710000,0,0,11.1,11.5,10.7
14/03/2024,11.4,11.4,0.2(1.79 %),498021,5722311600,0,0,11.5,11.7,11.3
15/03/2024,11.5,11.5,0(0.00 %),334648,3817682000,0,0,11.5,11.6,11.1
18/03/2024,10.9,10.9,-0.5(-4.39 %),564119,6195490900,0,0,11.5,11.5,10.6
19/03/2024,10.8,10.8,-0.2(-1.82 %),283521,3093883100,0,0,11.0,11.1,10.8
20/03/2024,10.9,10.9,0(0.00 %),291601,3119140800,0,0,10.7,11.0,9.3
21/03/2024,11.0,11.0,0.3(2.80 %),129000,1419170000,0,0,11.1,11.2,10.9
22/03/2024,11.1,11.1,0.1(0.91 %),209592,2306555200,0,0,11.2,11.2,10.9
25/03/2024,10.9,10.9,-0.1(-0.91 %),249256,2732867500,0,0,11.0,11.2,10.8
26/03/2024,11.0,11.0,0(0.00 %),165720,1802138000,0,0,11.0,11.1,10.7
27/03/2024,11.0,11.0,0.1(0.92 %),116221,1267779800,0,0,11.1,11.1,10.8
28/03/2024,11.1,11.1,0.2(1.83 %),191347,2108437500,0,0,11.0,11.1,10.9
29/03/2024,10.9,10.9,-0.1(-0.91 %),131801,1449651100,0,0,11.1,11.2,10.9
01/04/2024,10.9,10.9,-0.1(-0.91 %),256908,2765537100,0,0,10.8,11.0,10.7
02/04/2024,10.9,10.9,0.1(0.93 %),148640,1597028100,0,0,10.8,10.9,10.6
03/04/2024,10.7,10.7,0(0.00 %),180410,1943018000,0,0,10.9,10.9,10.7
04/04/2024,10.5,10.5,-0.3(-2.78 %),153200,1621100000,0,0,10.7,10.8,10.5
05/04/2024,10.3,10.3,-0.3(-2.83 %),199900,2079130000,0,0,10.5,10.5,10.3
08/04/2024,10.4,10.4,0(0.00 %),136800,1417490000,0,0,10.3,10.5,10.3
09/04/2024,10.6,10.6,0.2(1.92 %),136918,1433815600,0,0,10.5,10.6,10.4
10/04/2024,10.5,10.5,0(0.00 %),72505,758992600,0,0,10.5,10.6,10.4
11/04/2024,10.6,10.6,0.1(0.95 %),169301,1766280300,0,0,10.4,10.6,10.3
12/04/2024,10.8,10.8,0.4(3.85 %),193631,2071832700,0,0,10.6,10.9,10.5
15/04/2024,10.2,10.2,-0.5(-4.67 %),317908,3292745200,0,0,10.6,10.7,9.7
16/04/2024,10.0,10.0,-0.4(-3.85 %),214642,2129498200,0,0,10.2,10.3,9.5
17/04/2024,9.7,9.7,-0.2(-2.02 %),132768,1288330200,0,0,10.1,10.1,9.5
19/04/2024,9.3,9.3,-0.4(-4.12 %),210314,1928653000,0,0,9.7,9.7,8.7
22/04/2024,9.6,9.6,0.4(4.35 %),90801,868208500,0,0,9.5,9.8,9.4
23/04/2024,9.4,9.4,-0.2(-2.08 %),62100,587310000,0,0,9.6,9.6,9.3
24/04/2024,9.5,9.5,0(0.00 %),84109,809297300,0,0,9.5,9.7,9.5
25/04/2024,9.4,9.4,-0.2(-2.08 %),23100,219090000,0,0,9.6,9.6,9.4
26/04/2024,9.4,9.4,-0.1(-1.05 %),55200,519110000,0,0,9.4,9.5,9.2
02/05/2024,9.3,9.3,-0.1(-1.06 %),98401,908899700,0,0,9.5,9.5,9.1
03/05/2024,9.3,9.3,0.1(1.09 %),56345,525021500,0,0,9.4,9.5,9.3
06/05/2024,9.7,9.7,0.4(4.30 %),119400,1127860000,0,0,9.3,9.7,9.2
07/05/2024,9.5,9.5,0.1(1.06 %),48300,457190000,0,0,9.6,9.6,9.4
08/05/2024,9.7,9.7,0.2(2.11 %),94902,912959600,0,0,9.8,9.8,9.5
09/05/2024,9.7,9.7,0.1(1.04 %),139200,1343070000,0,0,9.7,9.8,9.6
10/05/2024,9.7,9.7,0.1(1.04 %),102300,995090000,0,0,9.8,9.8,9.6
13/05/2024,9.7,9.7,0(0.00 %),79500,773410000,0,0,9.9,9.9,9.6
14/05/2024,9.7,9.7,0(0.00 %),92000,892400000,1004180,8334694000,9.7,9.8,9.6
15/05/2024,9.8,9.8,0.1(1.03 %),111320,1081776000,0,0,9.7,9.8,9.6
16/05/2024,9.8,9.8,0.1(1.03 %),157408,1560457600,0,0,9.8,10.1,9.8
17/05/2024,9.8,9.8,-0.1(-1.01 %),149218,1448726400,0,0,9.8,9.9,9.6
20/05/2024,9.8,9.8,0.1(1.03 %),126033,1232324400,0,0,9.8,9.9,9.7
21/05/2024,10.4,10.4,0.6(6.12 %),453200,4541550000,0,0,9.8,10.5,9.7
22/05/2024,10.3,10.3,0.3(3.00 %),412206,4323693900,0,0,10.5,10.9,10.2
23/05/2024,10.3,10.3,-0.2(-1.90 %),237210,2407342700,0,0,10.4,10.4,10.0
24/05/2024,9.9,9.9,-0.2(-1.98 %),267905,2702841100,0,0,10.2,10.5,9.7
27/05/2024,9.9,9.9,-0.2(-1.98 %),140600,1383730000,0,0,10.0,10.0,9.8
28/05/2024,10.0,10.0,0.2(2.04 %),401400,3955380000,0,0,9.9,10.1,9.7
29/05/2024,10.5,10.5,0.6(6.06 %),652762,6848649800,0,0,10.1,10.8,10.1
30/05/2024,10.4,10.4,-0.1(-0.95 %),219900,2257690000,0,0,10.5,10.5,10.1
31/05/2024,10.3,10.3,0(0.00 %),229721,2383020400,0,0,10.4,10.5,10.3
03/06/2024,10.7,10.7,0.3(2.88 %),326901,3479230500,0,0,10.3,11.1,10.3
04/06/2024,10.6,10.6,0(0.00 %),192915,2064243300,0,0,10.7,10.9,10.5
05/06/2024,10.5,10.5,-0.2(-1.87 %),271100,2848560000,0,0,10.8,10.8,10.3
06/06/2024,10.5,10.5,0(0.00 %),141607,1474344100,0,0,10.5,10.7,10.2
07/06/2024,10.5,10.5,0.1(0.96 %),83776,876017500,0,0,10.5,10.5,10.4
10/06/2024,10.6,10.6,0.1(0.95 %),135534,1425900400,0,0,10.6,10.7,10.4
11/06/2024,10.5,10.5,0(0.00 %),155100,1621730000,0,0,10.5,10.6,10.3
12/06/2024,10.9,10.9,0.4(3.81 %),523950,5740245000,0,0,10.5,11.4,10.5
13/06/2024,10.8,10.8,-0.2(-1.82 %),120500,1299880000,0,0,11.0,11.1,10.7
14/06/2024,10.5,10.5,-0.3(-2.78 %),230400,2447880000,0,0,10.8,10.8,10.3
17/06/2024,10.3,10.3,-0.3(-2.83 %),131732,1360349200,0,0,10.5,10.6,10.2
18/06/2024,10.3,10.3,0(0.00 %),129400,1335040000,0,0,10.3,10.5,10.2
19/06/2024,10.2,10.2,-0.1(-0.97 %),167100,1693130000,0,0,10.2,10.2,10.1
20/06/2024,10.2,10.2,0.1(0.99 %),91600,922350000,0,0,10.2,10.3,10.0
21/06/2024,10.1,10.1,0(0.00 %),91100,921470000,0,0,10.2,10.3,10.1
24/06/2024,9.9,9.9,-0.2(-1.98 %),290523,2867352300,0,0,10.1,10.1,9.7
25/06/2024,9.8,9.8,-0.1(-1.01 %),61700,607640000,0,0,9.9,10.0,9.8
26/06/2024,9.7,9.7,-0.1(-1.02 %),116200,1128440000,0,0,9.9,9.9,9.6
27/06/2024,9.7,9.7,0(0.00 %),52600,509960000,0,0,9.8,9.8,9.6
28/06/2024,9.7,9.7,0(0.00 %),48550,472440100,0,0,9.7,9.9,9.6
01/07/2024,9.7,9.7,0(0.00 %),82000,795610000,0,0,9.7,9.8,9.6
02/07/2024,9.8,9.8,0.1(1.03 %),57210,556018000,0,0,9.7,9.8,9.6
03/07/2024,9.9,9.9,0.2(2.06 %),61409,598847300,0,0,9.7,9.9,9.7
04/07/2024,9.8,9.8,0(0.00 %),16900,166050000,0,0,9.8,9.9,9.8
05/07/2024,9.8,9.8,0(0.00 %),48622,472393400,0,0,9.8,9.8,9.7
08/07/2024,9.7,9.7,0(0.00 %),52200,505840000,0,0,9.7,9.8,9.6
09/07/2024,9.8,9.8,0.1(1.03 %),47422,461463700,0,0,9.6,9.9,9.6
10/07/2024,9.8,9.8,0.1(1.03 %),47511,465616700,0,0,9.8,9.9,9.8
11/07/2024,9.8,9.8,0(0.00 %),72700,711680000,0,0,9.8,9.9,9.7
12/07/2024,9.8,9.8,0(0.00 %),37600,368380000,0,0,9.8,9.8,9.7
15/07/2024,9.8,9.8,0(0.00 %),42100,410210000,0,0,9.8,9.8,9.7
16/07/2024,9.8,9.8,0.1(1.03 %),54300,529360000,0,0,9.7,9.8,9.7
17/07/2024,9.6,9.6,-0.1(-1.03 %),104110,1010728000,0,0,9.8,9.8,9.6
18/07/2024,9.7,9.7,0(0.00 %),45500,437690000,0,0,9.7,9.7,9.5
19/07/2024,9.4,9.4,-0.2(-2.08 %),87906,831606400,0,0,9.6,9.7,9.4
22/07/2024,9.6,9.6,0.1(1.05 %),134618,1298114800,0,0,9.5,9.8,9.5
23/07/2024,9.5,9.5,-0.1(-1.04 %),49143,470552800,0,0,9.6,9.6,9.5
24/07/2024,9.5,9.5,-0.1(-1.04 %),120901,1146019500,0,0,9.5,9.6,9.4
25/07/2024,9.6,9.6,0.1(1.05 %),89219,849120600,0,0,9.5,9.6,9.4
26/07/2024,9.5,9.5,0(0.00 %),75306,717297900,0,0,9.5,9.7,9.5
29/07/2024,9.7,9.7,0.2(2.11 %),170846,1642551600,0,0,9.5,9.7,9.5
30/07/2024,9.7,9.7,0.1(1.04 %),107101,1036319700,0,0,9.7,9.8,9.6
31/07/2024,9.6,9.6,-0.1(-1.03 %),109401,1058569700,0,0,9.8,9.9,9.6
01/08/2024,9.2,9.2,-0.5(-5.15 %),130917,1220189200,0,0,9.7,9.7,9.0
02/08/2024,9.1,9.1,-0.2(-2.15 %),191500,1734920000,0,0,9.3,9.4,8.5
05/08/2024,8.5,8.5,-0.6(-6.59 %),173101,1494870000,0,0,9.1,9.1,8.5
06/08/2024,8.7,8.7,0.1(1.16 %),111501,962798500,0,0,8.5,8.8,8.5
07/08/2024,8.8,8.8,0.2(2.33 %),166801,1467368800,0,0,8.7,8.9,8.7
08/08/2024,8.7,8.7,-0.1(-1.14 %),75801,656919800,0,0,8.9,8.9,8.6
09/08/2024,8.9,8.9,0.2(2.30 %),213502,1885138600,0,0,8.8,8.9,8.7
12/08/2024,9.0,9.0,0.2(2.27 %),89603,800050300,0,0,8.9,9.2,8.9
13/08/2024,8.8,8.8,-0.1(-1.12 %),49504,438356400,0,0,9.0,9.1,8.8
14/08/2024,8.8,8.8,-0.1(-1.12 %),46803,410307900,0,0,9.0,9.0,8.7
15/08/2024,8.7,8.7,-0.1(-1.14 %),22202,193468900,0,0,8.8,8.8,8.6
16/08/2024,9.1,9.1,0.4(4.60 %),209400,1895540000,0,0,8.8,9.2,8.7
19/08/2024,9.1,9.1,0(0.00 %),63005,573485500,0,0,9.1,9.2,9.0
20/08/2024,9.1,9.1,0(0.00 %),108301,977240400,0,0,9.1,9.2,9.0
21/08/2024,9.1,9.1,0.1(1.11 %),157950,1428495000,0,0,9.0,9.1,9.0
22/08/2024,9.0,9.0,0(0.00 %),122500,1103120000,0,0,9.1,9.1,9.0
23/08/2024,9.2,9.2,0.2(2.22 %),117708,1065813300,0,0,9.1,9.2,8.9
26/08/2024,9.1,9.1,0(0.00 %),109918,1000096600,0,0,9.1,9.2,9.0
27/08/2024,9.0,9.0,-0.1(-1.10 %),96350,868161200,0,0,9.1,9.1,9.0
28/08/2024,8.9,8.9,-0.1(-1.11 %),84203,754997600,0,0,9.0,9.1,8.9
29/08/2024,8.9,8.9,-0.1(-1.11 %),87601,779548900,0,0,9.0,9.0,8.8
30/08/2024,9.0,9.0,0.1(1.12 %),183207,1631112300,0,0,8.8,9.1,8.8
04/09/2024,8.9,8.9,0(0.00 %),49091,433451300,0,0,8.8,9.0,8.8
05/09/2024,8.8,8.8,0(0.00 %),59954,537965200,0,0,9.0,9.1,8.8
06/09/2024,9.0,9.0,0(0.00 %),55120,487336000,0,0,8.9,9.0,8.8
09/09/2024,8.9,8.9,0.1(1.14 %),21705,191045100,0,0,8.8,8.9,8.8
10/09/2024,8.7,8.7,-0.1(-1.14 %),30409,267120100,0,0,8.9,8.9,8.7
11/09/2024,8.8,8.8,0(0.00 %),82303,711352500,0,0,8.6,8.8,8.6
12/09/2024,8.8,8.8,0.2(2.33 %),19911,173870700,0,0,8.8,8.8,8.7
13/09/2024,8.8,8.8,0.1(1.15 %),26100,226540000,0,0,8.8,8.8,8.6
16/09/2024,8.6,8.6,-0.1(-1.15 %),84511,726865700,0,0,8.6,8.8,8.5
17/09/2024,8.7,8.7,0.1(1.16 %),120208,1031558800,0,0,8.7,8.7,8.4
18/09/2024,8.7,8.7,0.1(1.16 %),134601,1163207400,0,0,8.8,8.8,8.6
19/09/2024,8.7,8.7,0.1(1.16 %),191307,1656420200,0,0,8.7,8.8,8.5
20/09/2024,8.8,8.8,0.1(1.15 %),197403,1727188600,0,0,8.7,8.9,8.7
23/09/2024,8.7,8.7,-0.1(-1.14 %),108502,947737600,0,0,8.8,8.9,8.7
24/09/2024,8.8,8.8,0.1(1.15 %),191500,1669560000,0,0,8.8,8.8,8.7
25/09/2024,8.9,8.9,0.2(2.30 %),142424,1261532700,0,0,8.9,8.9,8.8
26/09/2024,8.8,8.8,-0.1(-1.12 %),110605,972324500,0,0,8.9,8.9,8.7
27/09/2024,8.8,8.8,0(0.00 %),80004,703065200,0,0,8.9,9.0,8.7
30/09/2024,8.9,8.9,0.1(1.14 %),362712,3197674900,0,0,8.8,9.0,8.7
01/10/2024,9.0,9.0,0.2(2.27 %),567224,5083188800,0,0,8.8,9.2,8.8
02/10/2024,8.8,8.8,-0.2(-2.22 %),232347,2070769300,0,0,9.0,9.1,8.8
03/10/2024,8.9,8.9,0(0.00 %),339000,3014160000,0,0,8.9,9.0,8.8
04/10/2024,8.8,8.8,-0.1(-1.12 %),110420,974273700,0,0,8.9,8.9,8.8
07/10/2024,8.9,8.9,0.1(1.14 %),269719,2374147200,0,0,8.9,8.9,8.8
08/10/2024,9.0,9.0,0.2(2.27 %),162355,1438269500,0,0,8.9,9.0,8.8
09/10/2024,8.9,8.9,0(0.00 %),135115,1196168300,0,0,8.9,9.0,8.8
10/10/2024,8.9,8.9,0(0.00 %),93505,823824500,0,0,8.9,8.9,8.7
11/10/2024,8.9,8.9,0.1(1.14 %),83405,730974400,0,0,8.9,8.9,8.7
14/10/2024,8.9,8.9,0.1(1.14 %),73927,650519500,0,0,8.8,8.9,8.7
15/10/2024,8.8,8.8,0(0.00 %),71927,628138100,0,0,8.9,8.9,8.7
16/10/2024,8.7,8.7,0(0.00 %),42700,369440000,0,0,8.7,8.8,8.6
17/10/2024,8.6,8.6,-0.1(-1.15 %),182808,1565144900,0,0,8.7,8.7,8.5
18/10/2024,8.7,8.7,0.1(1.16 %),178709,1535832900,0,0,8.6,8.8,8.5
21/10/2024,8.6,8.6,0(0.00 %),83002,713847400,0,0,8.6,8.7,8.5
22/10/2024,8.6,8.6,0(0.00 %),110600,950910000,0,0,8.6,8.7,8.5
23/10/2024,8.6,8.6,0(0.00 %),123213,1059711800,0,0,8.6,8.7,8.6
24/10/2024,8.6,8.6,0(0.00 %),77900,675940000,0,0,8.6,8.7,8.6
25/10/2024,8.7,8.7,0(0.00 %),103728,905064000,0,0,8.7,8.8,8.6
28/10/2024,8.8,8.8,0.1(1.15 %),100428,877486300,0,0,8.7,8.9,8.6
29/10/2024,8.8,8.8,0.1(1.15 %),81812,718416800,0,0,8.8,8.9,8.7
30/10/2024,8.7,8.7,-0.1(-1.14 %),70380,616761500,0,0,8.8,8.8,8.7
31/10/2024,8.7,8.7,-0.1(-1.14 %),143200,1248320000,0,0,8.7,8.8,8.6
01/11/2024,8.8,8.8,0.1(1.15 %),339049,2955686300,0,0,8.7,8.8,8.7
04/11/2024,8.7,8.7,0(0.00 %),60410,523478000,0,0,8.7,8.7,8.6
05/11/2024,8.7,8.7,0(0.00 %),14500,124990000,0,0,8.7,8.8,8.6
06/11/2024,8.8,8.8,0.2(2.33 %),74202,645827400,0,0,8.7,8.8,8.7
07/11/2024,8.8,8.8,0.1(1.15 %),54958,482595200,0,0,8.8,8.9,8.7
08/11/2024,8.7,8.7,-0.1(-1.14 %),115929,1004959900,0,0,8.8,8.8,8.6
11/11/2024,8.7,8.7,0(0.00 %),74000,641470000,0,0,8.7,8.8,8.6
12/11/2024,8.7,8.7,0(0.00 %),92601,801627700,0,0,8.7,8.8,8.6
13/11/2024,8.7,8.7,0(0.00 %),79000,676220000,0,0,8.6,8.7,8.5
14/11/2024,8.5,8.5,-0.1(-1.16 %),105300,895140000,0,0,8.6,8.6,8.3
15/11/2024,8.0,8.0,-0.5(-5.88 %),246500,2006830000,0,0,8.4,8.5,8.0
18/11/2024,8.1,8.1,0(0.00 %),139532,1098586000,0,0,8.1,8.1,7.5
19/11/2024,8.0,8.0,0.1(1.27 %),58602,473536000,0,0,8.1,8.1,7.9
20/11/2024,8.1,8.1,0(0.00 %),76400,615620000,0,0,8.0,8.2,7.9
21/11/2024,8.1,8.1,0(0.00 %),26600,211900000,0,0,8.0,8.1,7.9
22/11/2024,8.0,8.0,0(0.00 %),34603,277161700,0,0,8.0,8.1,7.9
25/11/2024,8.0,8.0,0(0.00 %),22501,181545800,0,0,7.9,8.1,7.9
26/11/2024,8.2,8.2,0.1(1.23 %),20200,163000000,0,0,8.0,8.2,8.0
27/11/2024,8.1,8.1,0(0.00 %),25600,207370000,0,0,8.1,8.2,8.1
28/11/2024,8.1,8.1,0(0.00 %),45422,364310400,0,0,8.1,8.2,8.0
29/11/2024,7.9,7.9,-0.1(-1.25 %),90801,714899200,0,0,8.0,8.0,7.8
02/12/2024,7.9,7.9,0(0.00 %),77602,617095800,0,0,7.9,8.0,7.8
03/12/2024,7.9,7.9,-0.1(-1.25 %),74502,592535800,0,0,8.0,8.0,7.9
04/12/2024,7.9,7.9,-0.1(-1.25 %),120302,957927600,0,0,7.9,8.0,7.9
05/12/2024,8.5,8.5,0.5(6.25 %),256300,2122060000,0,0,8.0,8.5,7.8
06/12/2024,8.3,8.3,0(0.00 %),41800,347210000,0,0,8.5,8.5,8.3
09/12/2024,8.3,8.3,0(0.00 %),121964,1023548200,0,0,8.4,8.5,8.3
10/12/2024,8.3,8.3,-0.1(-1.19 %),17413,144749200,0,0,8.4,8.4,8.3
11/12/2024,8.1,8.1,-0.2(-2.41 %),100700,826250000,0,0,8.3,8.3,8.1
12/12/2024,8.2,8.2,0(0.00 %),29921,243974300,0,0,8.1,8.3,8.0
13/12/2024,8.1,8.1,-0.1(-1.22 %),51100,417060000,0,0,8.2,8.3,8.1
16/12/2024,8.1,8.1,-0.1(-1.22 %),77300,631320000,0,0,8.2,8.2,8.1
17/12/2024,8.1,8.1,-0.1(-1.22 %),22201,179518100,0,0,8.3,8.3,8.0
18/12/2024,8.0,8.0,-0.1(-1.23 %),46400,375490000,0,0,8.1,8.2,8.0
19/12/2024,8.0,8.0,-0.1(-1.23 %),84200,672810000,0,0,8.0,8.1,7.9
20/12/2024,8.0,8.0,0(0.00 %),39800,318150000,0,0,8.0,8.1,7.9
23/12/2024,8.4,8.4,0.4(5.00 %),176801,1472518500,0,0,8.0,8.5,7.9
24/12/2024,8.5,8.5,0.2(2.41 %),146617,1238801000,0,0,8.4,8.6,8.3
25/12/2024,8.7,8.7,0.3(3.57 %),113901,984788700,0,0,8.5,8.8,8.5
26/12/2024,8.4,8.4,-0.2(-2.33 %),98501,836458500,0,0,8.6,8.7,8.4
27/12/2024,8.3,8.3,-0.2(-2.35 %),71200,596880000,0,0,8.5,8.5,8.3
30/12/2024,8.4,8.4,0(0.00 %),23300,194160000,0,0,8.4,8.4,8.3
31/12/2024,8.4,8.4,0.1(1.20 %),52801,438178300,0,0,8.3,8.4,8.2
02/01/2025,8.3,8.3,0(0.00 %),11700,97050000,0,0,8.3,8.4,8.2
03/01/2025,8.2,8.2,-0.1(-1.20 %),83528,688822400,0,0,8.3,8.3,8.2
06/01/2025,8.1,8.1,-0.1(-1.22 %),111002,893516400,0,0,8.1,8.3,8.0
07/01/2025,8.1,8.1,0(0.00 %),25466,205661800,0,0,8.2,8.2,8.0
08/01/2025,8.1,8.1,0(0.00 %),32500,260660000,0,0,8.2,8.2,8.0
09/01/2025,8.0,8.0,0(0.00 %),49200,394030000,0,0,8.1,8.1,8.0
10/01/2025,8.0,8.0,0(0.00 %),43100,341990000,0,0,8.1,8.1,7.9
13/01/2025,8.1,8.1,0.2(2.53 %),28406,227742000,0,0,8.0,8.1,8.0
14/01/2025,8.0,8.0,0(0.00 %),22700,181900000,0,0,8.2,8.2,8.0
15/01/2025,8.1,8.1,0.1(1.25 %),26823,216344000,0,0,8.0,8.1,8.0
16/01/2025,8.3,8.3,0.2(2.47 %),70600,584940000,0,0,8.2,8.4,8.1
17/01/2025,8.2,8.2,-0.1(-1.20 %),24000,195550000,0,0,8.3,8.3,8.1
20/01/2025,8.1,8.1,0(0.00 %),63500,512110000,0,0,8.2,8.3,8.0
21/01/2025,8.2,8.2,0.1(1.23 %),97300,797320000,0,0,8.1,8.3,8.1
22/01/2025,8.3,8.3,0.1(1.22 %),137100,1144230000,0,0,8.2,8.5,8.2
23/01/2025,8.6,8.6,0.3(3.61 %),144700,1221690000,0,0,8.3,8.6,8.3
24/01/2025,8.6,8.6,0.2(2.38 %),149502,1265776900,0,0,8.5,8.6,8.4
04/02/2025,8.7,8.7,0.3(3.57 %),190201,1638838600,0,0,8.5,8.7,8.5
05/02/2025,8.6,8.6,0(0.00 %),84400,726720000,0,0,8.7,8.7,8.5
06/02/2025,8.6,8.6,0(0.00 %),115501,992708600,0,0,8.6,8.7,8.5
07/02/2025,8.7,8.7,0.1(1.16 %),68200,583980000,0,0,8.7,8.7,8.5
10/02/2025,8.6,8.6,0(0.00 %),60400,516420000,0,0,8.7,8.7,8.5
11/02/2025,8.8,8.8,0.2(2.33 %),88200,765570000,0,0,8.5,8.8,8.5
12/02/2025,8.8,8.8,0.1(1.15 %),82527,717787600,0,0,8.7,8.8,8.6
13/02/2025,8.7,8.7,0(0.00 %),29500,253970000,0,0,8.6,8.7,8.6
14/02/2025,8.7,8.7,0.1(1.16 %),66846,578329700,0,0,8.6,8.8,8.6
17/02/2025,9.0,9.0,0.3(3.45 %),143404,1270984800,0,0,8.7,9.0,8.7
18/02/2025,8.8,8.8,-0.1(-1.12 %),39105,346025000,0,0,9.0,9.0,8.7
19/02/2025,8.8,8.8,0(0.00 %),41500,363590000,0,0,8.8,9.0,8.7
20/02/2025,8.9,8.9,0.1(1.14 %),101100,895210000,0,0,8.8,9.0,8.8
21/02/2025,8.8,8.8,-0.1(-1.12 %),119000,1041240000,0,0,9.0,9.0,8.7
24/02/2025,8.8,8.8,0(0.00 %),151104,1325475200,0,0,8.8,8.9,8.7
25/02/2025,9.2,9.2,0.4(4.55 %),616705,5575925500,0,0,8.9,9.3,8.8
26/02/2025,9.3,9.3,0.3(3.33 %),311511,2895861400,0,0,9.3,9.4,9.2
27/02/2025,9.3,9.3,0(0.00 %),328761,3025045700,0,0,9.4,9.5,9.0
28/02/2025,9.2,9.2,0(0.00 %),152213,1401638600,0,0,9.2,9.4,9.1
03/03/2025,9.3,9.3,0.1(1.09 %),213301,1960439100,0,0,9.3,9.4,9.1
04/03/2025,9.0,9.0,-0.2(-2.17 %),380854,3413626800,0,0,9.2,9.2,8.8
05/03/2025,8.8,8.8,-0.2(-2.22 %),199700,1778710000,0,0,9.0,9.1,8.8
06/03/2025,9.1,9.1,0.2(2.25 %),351800,3129170000,0,0,9.0,9.1,8.8
07/03/2025,9.0,9.0,0.1(1.12 %),241100,2190754600,0,0,9.1,9.3,8.9
10/03/2025,9.0,9.0,-0.1(-1.10 %),182402,1661748400,0,0,9.1,9.2,9.0
11/03/2025,9.0,9.0,-0.1(-1.10 %),160400,1426960000,0,0,8.9,9.0,8.8
12/03/2025,9.0,9.0,0.1(1.12 %),81950,737968600,0,0,9.0,9.1,8.9
13/03/2025,8.8,8.8,-0.2(-2.22 %),161711,1433747900,0,0,9.0,9.0,8.7
14/03/2025,8.8,8.8,-0.1(-1.12 %),82800,727450000,0,0,8.7,8.9,8.7
18/03/2025,9.1,9.1,0.2(2.25 %),242712,2192658100,0,0,9.0,9.1,8.9
19/03/2025,9.1,9.1,0.1(1.11 %),145505,1313395000,0,0,9.0,9.1,8.9
20/03/2025,9.1,9.1,0.1(1.11 %),182719,1663972800,0,0,9.1,9.3,9.0
21/03/2025,9.1,9.1,0(0.00 %),91447,828263000,0,0,9.0,9.1,9.0
24/03/2025,9.1,9.1,0(0.00 %),100601,908959200,0,0,9.1,9.2,9.0
25/03/2025,8.9,8.9,-0.1(-1.11 %),383911,3427839100,0,0,9.0,9.0,8.8
26/03/2025,8.9,8.9,0(0.00 %),92206,812926900,0,0,8.9,9.0,8.7
27/03/2025,8.8,8.8,0(0.00 %),128205,1132614000,0,0,8.8,9.0,8.8
28/03/2025,8.9,8.9,0.1(1.14 %),127827,1117426200,0,0,8.8,8.9,8.7
31/03/2025,8.7,8.7,0(0.00 %),67501,585468700,0,0,8.6,8.9,8.6
01/04/2025,8.7,8.7,0(0.00 %),71705,624034000,0,0,8.8,8.8,8.6
02/04/2025,8.8,8.8,0.1(1.15 %),34319,301816300,0,0,8.7,8.9,8.7
03/04/2025,7.6,7.6,-1.2(-13.64 %),586807,4636533800,0,0,8.7,8.7,7.5
04/04/2025,7.4,7.4,-0.5(-6.33 %),379703,2733362500,0,0,7.6,7.6,7.0
08/04/2025,6.3,6.3,-0.9(-12.50 %),370700,2439980000,0,0,7.2,7.2,6.2
09/04/2025,6.2,6.2,-0.4(-6.06 %),213154,1338231000,0,0,6.0,6.5,5.9
10/04/2025,7.2,7.2,0.9(14.29 %),11500,82790000,0,0,7.1,7.2,7.1
11/04/2025,7.3,7.3,0.1(1.39 %),254633,1833786500,0,0,7.3,7.7,7.1
14/04/2025,7.3,7.3,0.1(1.39 %),69901,505367500,0,0,7.4,7.4,7.1
15/04/2025,7.3,7.3,0.1(1.39 %),124529,902864400,0,0,7.2,7.4,7.0
16/04/2025,7.2,7.2,-0.1(-1.37 %),38800,276660000,0,0,7.3,7.3,7.1
17/04/2025,7.2,7.2,0.1(1.41 %),16621,117773300,0,0,7.2,7.2,7.0
18/04/2025,7.2,7.2,0.1(1.41 %),140700,1009040000,0,0,7.2,7.3,7.1
21/04/2025,7.2,7.2,0(0.00 %),99241,707583200,0,0,7.2,7.2,7.1
22/04/2025,7.0,7.0,-0.1(-1.41 %),145000,1012430000,0,0,7.1,7.2,6.7
23/04/2025,7.2,7.2,0.2(2.86 %),128146,924825800,0,0,7.0,7.3,7.0
24/04/2025,7.3,7.3,0.1(1.39 %),102311,740080400,0,0,7.3,7.4,7.2
25/04/2025,7.4,7.4,0.2(2.78 %),110739,813320900,0,0,7.3,7.5,7.2
28/04/2025,7.4,7.4,0.1(1.37 %),48111,356569700,0,0,7.3,7.5,7.3
29/04/2025,7.4,7.4,0(0.00 %),31005,229680000,0,0,7.4,7.5,7.4
05/05/2025,7.5,7.5,0.1(1.35 %),59300,442020000,0,0,7.4,7.5,7.3
06/05/2025,7.5,7.5,0(0.00 %),71300,534620000,0,0,7.5,7.6,7.4
07/05/2025,7.3,7.3,-0.2(-2.67 %),48800,359800000,0,0,7.4,7.5,7.3
08/05/2025,7.5,7.5,0.1(1.35 %),41200,305820000,0,0,7.4,7.5,7.3
09/05/2025,7.5,7.5,0.1(1.35 %),212200,1592050000,0,0,7.6,7.7,7.4
12/05/2025,7.5,7.5,0(0.00 %),250800,1841020000,0,0,7.5,7.5,7.3
13/05/2025,7.6,7.6,0.3(4.11 %),82200,628100000,0,0,7.6,7.8,7.5
14/05/2025,7.6,7.6,0(0.00 %),231000,1741630000,0,0,7.6,7.7,7.3
15/05/2025,7.8,7.8,0.3(4.00 %),124000,954230000,0,0,7.8,7.9,7.5
16/05/2025,7.6,7.6,-0.1(-1.30 %),77200,588760000,0,0,7.8,7.8,7.6
19/05/2025,7.5,7.5,-0.1(-1.32 %),88500,662780000,0,0,7.6,7.6,7.4
20/05/2025,7.6,7.6,0.1(1.33 %),88800,666560000,0,0,7.5,7.6,7.5
21/05/2025,7.5,7.5,0(0.00 %),81500,607350000,0,0,7.6,7.6,7.3
22/05/2025,7.3,7.3,-0.2(-2.67 %),127900,947930000,0,0,7.5,7.6,7.3
23/05/2025,7.3,7.3,-0.1(-1.35 %),53400,395030000,0,0,7.3,7.5,7.3
26/05/2025,7.5,7.5,0.1(1.35 %),73300,542230000,0,0,7.4,7.5,7.3
27/05/2025,7.7,7.7,0.3(4.05 %),230700,1768600000,0,0,7.5,7.8,7.5
28/05/2025,8.0,8.0,0.3(3.90 %),186400,1489780000,0,0,7.7,8.1,7.7
29/05/2025,7.9,7.9,-0.1(-1.25 %),49100,389460000,0,0,8.0,8.0,7.8
30/05/2025,7.8,7.8,-0.1(-1.27 %),214700,1690890000,0,0,7.8,8.0,7.6
02/06/2025,7.9,7.9,0(0.00 %),84900,668650000,0,0,7.9,7.9,7.8
03/06/2025,8.1,8.1,0.2(2.53 %),226500,1844250000,0,0,8.0,8.3,8.0
04/06/2025,8.0,8.0,-0.1(-1.23 %),94300,752810000,0,0,8.1,8.1,8.0
05/06/2025,7.9,7.9,-0.1(-1.25 %),123700,972400000,0,0,8.0,8.0,7.8
06/06/2025,7.8,7.8,-0.1(-1.27 %),73600,576280000,0,0,7.9,7.9,7.8
09/06/2025,7.9,7.9,0.1(1.28 %),168000,1331830000,0,0,7.8,8.0,7.7
10/06/2025,7.9,7.9,0(0.00 %),49800,392450000,0,0,7.9,8.0,7.8
11/06/2025,8.1,8.1,0.2(2.53 %),315200,2540370000,0,0,8.0,8.3,8.0
12/06/2025,8.0,8.0,-0.1(-1.23 %),93300,749190000,0,0,8.1,8.1,7.9
13/06/2025,7.8,7.8,-0.2(-2.50 %),222800,1713840000,0,0,7.9,7.9,7.6
16/06/2025,8.0,8.0,0.3(3.90 %),96400,755940000,0,0,7.8,8.0,7.7
17/06/2025,7.9,7.9,0.1(1.28 %),89200,715180000,0,0,8.0,8.1,7.9
18/06/2025,7.9,7.9,-0.1(-1.25 %),62800,495050000,0,0,7.9,8.0,7.8
19/06/2025,7.8,7.8,-0.1(-1.27 %),45600,358610000,0,0,7.8,8.0,7.8
20/06/2025,8.0,8.0,0.1(1.27 %),70500,563940000,0,0,8.0,8.1,7.9
23/06/2025,7.8,7.8,-0.2(-2.50 %),35400,276910000,0,0,7.9,7.9,7.8
24/06/2025,7.8,7.8,0(0.00 %),105100,830970000,0,0,8.0,8.1,7.7
25/06/2025,7.8,7.8,-0.1(-1.27 %),30700,240540000,0,0,8.0,8.0,7.8
26/06/2025,7.9,7.9,0.1(1.28 %),35200,274590000,0,0,7.9,7.9,7.8
27/06/2025,7.8,7.8,0(0.00 %),73100,572230000,0,0,8.0,8.0,7.8
30/06/2025,8.0,8.0,0.2(2.56 %),48100,381270000,0,0,7.9,8.0,7.9
01/07/2025,7.9,7.9,0(0.00 %),35100,275540000,0,0,7.9,8.0,7.8
02/07/2025,8.1,8.1,0.2(2.53 %),221100,1760840000,0,0,7.8,8.1,7.8
03/07/2025,8.0,8.0,0(0.00 %),152600,1224120000,0,0,8.1,8.1,7.9
04/07/2025,8.0,8.0,0(0.00 %),115500,911900000,0,0,8.0,8.1,7.8
07/07/2025,8.0,8.0,0.1(1.27 %),88400,707540000,0,0,8.0,8.1,7.9
08/07/2025,8.2,8.2,0.2(2.50 %),178400,1446400000,0,0,8.1,8.2,8.0
09/07/2025,8.5,8.5,0.4(4.94 %),486100,4105350000,0,0,8.2,8.6,8.2
10/07/2025,8.4,8.4,0(0.00 %),275100,2327950000,0,0,8.6,8.6,8.3
11/07/2025,8.2,8.2,-0.3(-3.53 %),408000,3384210000,0,0,8.6,8.6,8.1
14/07/2025,8.2,8.2,-0.1(-1.20 %),418300,3382120000,0,0,8.4,8.4,7.9
15/07/2025,8.5,8.5,0.4(4.94 %),585900,5010720000,0,0,8.2,8.7,8.2
16/07/2025,8.8,8.8,0.2(2.33 %),567500,4887470000,0,0,8.5,8.8,8.4
17/07/2025,9.0,9.0,0.3(3.45 %),539800,4939690000,0,0,9.0,9.4,9.0
18/07/2025,9.0,9.0,-0.1(-1.10 %),538800,4865420000,0,0,9.2,9.4,8.7
21/07/2025,8.8,8.8,-0.2(-2.22 %),370300,3285250000,0,0,9.0,9.0,8.8
22/07/2025,9.0,9.0,0.1(1.12 %),254000,2256380000,0,0,8.9,9.0,8.7
23/07/2025,9.3,9.3,0.4(4.49 %),664200,6200440000,0,0,9.0,9.8,9.0
24/07/2025,9.2,9.2,-0.1(-1.08 %),267300,2470660000,0,0,9.5,9.6,9.1
25/07/2025,9.6,9.6,0.4(4.35 %),810200,7670630000,0,0,9.5,9.6,9.3
28/07/2025,10.7,10.7,1.2(12.63 %),841800,8786100000,0,0,9.8,10.8,9.8
29/07/2025,9.8,9.8,-0.6(-5.77 %),1607900,16670610000,0,0,10.8,11.4,9.6
30/07/2025,10.5,10.5,0.1(0.96 %),554600,5716440000,0,0,10.1,10.7,9.8
31/07/2025,11.0,11.0,0.7(6.80 %),1076500,11786830000,0,0,10.7,11.4,10.6
01/08/2025,11.5,11.5,0.6(5.50 %),1376300,15487880000,0,0,11.1,11.7,10.9
04/08/2025,11.6,11.6,0.3(2.65 %),734000,8473620000,0,0,11.9,12.4,11.3
05/08/2025,11.2,11.2,-0.3(-2.61 %),925200,10656070000,0,0,11.6,12.1,10.0
06/08/2025,11.3,11.3,-0.2(-1.74 %),465900,5235480000,0,0,11.3,11.6,11.0
07/08/2025,11.3,11.3,0.1(0.89 %),445400,4983920000,0,0,11.3,11.5,11.0
08/08/2025,11.4,11.4,0.2(1.79 %),708900,8009370000,0,0,11.3,11.6,11.0
11/08/2025,11.3,11.3,0(0.00 %),644200,7174530000,0,0,11.4,11.4,11.0
12/08/2025,11.2,11.2,0.1(0.90 %),312500,3488260000,0,0,11.3,11.4,11.0
13/08/2025,11.5,11.5,0.3(2.68 %),954800,10785930000,0,0,11.1,11.5,11.1
14/08/2025,11.8,11.8,0.5(4.42 %),762700,8883620000,0,0,11.5,12.0,11.4
15/08/2025,11.7,11.7,0.1(0.86 %),904400,10527370000,0,0,11.8,12.0,11.5
18/08/2025,11.7,11.7,0.1(0.86 %),480800,5579920000,0,0,11.7,11.8,11.5
19/08/2025,11.9,11.9,0.3(2.59 %),717700,8430130000,0,0,11.7,11.9,11.5
20/08/2025,12.3,12.3,0.6(5.13 %),1056300,12881810000,0,0,11.8,12.8,11.7
21/08/2025,12.4,12.4,0.2(1.64 %),609600,7655870000,0,0,12.4,13.0,12.2
22/08/2025,11.6,11.6,-1(-7.94 %),1161500,13549520000,0,0,12.4,12.4,11.1
25/08/2025,10.9,10.9,-0.8(-6.84 %),695300,7747340000,0,0,11.5,11.7,10.6
